acq_date,acq_time,aoi_id,bright_ti4,bright_ti5,confidence,daynight,frp,instrument,latitude,longitude,satellite,scan,source,track,type,version
2025-07-05,20,latakia,309.81,289.54,n,N,1.18,VIIRS,35.74757,35.97683,N,0.46,VIIRS_SNPP_SP,0.63,0,2
2025-07-05,20,latakia,303.16,290.56,n,N,1.18,VIIRS,35.74876,35.97255,N,0.46,VIIRS_SNPP_SP,0.63,0,2
2025-07-05,20,latakia,325.13,292.45,n,N,2.92,VIIRS,35.74988,35.96852,N,0.46,VIIRS_SNPP_SP,0.63,0,2
2025-07-05,20,latakia,317.94,291.69,n,N,2.92,VIIRS,35.75104,35.96433,N,0.46,VIIRS_SNPP_SP,0.63,0,2
2025-07-05,20,latakia,315.45,290.52,n,N,2.87,VIIRS,35.75233,35.95968,N,0.46,VIIRS_SNPP_SP,0.63,0,2
2025-07-05,20,latakia,304.14,290.37,n,N,0.81,VIIRS,35.76334,35.94247,N,0.45,VIIRS_SNPP_SP,0.63,0,2
2025-07-05,20,latakia,326.28,291.1,n,N,2.28,VIIRS,35.77946,35.92934,N,0.45,VIIRS_SNPP_SP,0.63,0,2
2025-07-05,20,latakia,310.3,291.82,n,N,2.28,VIIRS,35.78498,35.93199,N,0.45,VIIRS_SNPP_SP,0.63,0,2
2025-07-05,20,latakia,300.46,289.0,n,N,2.33,VIIRS,35.79723,35.99899,N,0.46,VIIRS_SNPP_SP,0.63,0,2
2025-07-05,20,latakia,310.69,289.32,n,N,4.99,VIIRS,35.79818,35.99768,N,0.46,VIIRS_SNPP_SP,0.63,0,2
2025-07-05,20,latakia,367.0,291.54,h,N,5.79,VIIRS,35.79882,35.99332,N,0.46,VIIRS_SNPP_SP,0.63,0,2
2025-07-05,20,latakia,367.0,292.07,h,N,4.99,VIIRS,35.79969,35.99218,N,0.46,VIIRS_SNPP_SP,0.63,0,2
2025-07-05,20,latakia,309.29,289.52,n,N,5.79,VIIRS,35.80025,35.98822,N,0.46,VIIRS_SNPP_SP,0.63,0,2
2025-07-05,20,latakia,313.94,289.12,n,N,10.72,VIIRS,35.81401,35.98551,N,0.46,VIIRS_SNPP_SP,0.63,0,2
2025-07-05,20,latakia,356.33,293.79,n,N,12.25,VIIRS,35.81453,35.98199,N,0.46,VIIRS_SNPP_SP,0.63,0,2
2025-07-05,20,latakia,367.0,294.79,h,N,16.31,VIIRS,35.8152,35.98116,N,0.46,VIIRS_SNPP_SP,0.63,0,2
2025-07-05,20,latakia,367.0,292.41,h,N,10.96,VIIRS,35.81565,35.97796,N,0.46,VIIRS_SNPP_SP,0.63,0,2
2025-07-05,20,latakia,367.0,294.55,h,N,16.31,VIIRS,35.81628,35.97719,N,0.46,VIIRS_SNPP_SP,0.63,0,2
2025-07-05,20,latakia,367.0,293.08,h,N,10.96,VIIRS,35.81672,35.97414,N,0.45,VIIRS_SNPP_SP,0.63,0,2
2025-07-05,20,latakia,351.14,292.03,n,N,18.74,VIIRS,35.81734,35.97336,N,0.46,VIIRS_SNPP_SP,0.63,0,2
2025-07-05,20,latakia,301.46,289.19,n,N,12.25,VIIRS,35.8201,35.98447,N,0.46,VIIRS_SNPP_SP,0.63,0,2
2025-07-05,20,latakia,317.23,291.9,n,N,3.96,VIIRS,35.82089,35.91452,N,0.45,VIIRS_SNPP_SP,0.63,0,2
2025-07-05,20,latakia,314.56,289.88,n,N,10.96,VIIRS,35.82121,35.98047,N,0.46,VIIRS_SNPP_SP,0.63,0,2
2025-07-05,20,latakia,347.5,293.56,n,N,5.2,VIIRS,35.82129,35.91322,N,0.45,VIIRS_SNPP_SP,0.63,0,2
2025-07-05,20,latakia,303.32,289.65,n,N,16.31,VIIRS,35.82188,35.97958,N,0.46,VIIRS_SNPP_SP,0.63,0,2
2025-07-05,20,latakia,367.0,294.49,h,N,6.86,VIIRS,35.82222,35.90975,N,0.45,VIIRS_SNPP_SP,0.63,0,2
2025-07-05,20,latakia,333.13,290.79,n,N,10.96,VIIRS,35.82236,35.97634,N,0.45,VIIRS_SNPP_SP,0.63,0,2
2025-07-05,20,latakia,334.12,292.22,n,N,5.2,VIIRS,35.82258,35.90852,N,0.45,VIIRS_SNPP_SP,0.63,0,2
2025-07-05,20,latakia,322.43,292.26,n,N,3.96,VIIRS,35.82632,35.91743,N,0.45,VIIRS_SNPP_SP,0.63,0,2
2025-07-05,20,latakia,333.29,293.04,n,N,5.2,VIIRS,35.82667,35.91633,N,0.45,VIIRS_SNPP_SP,0.63,0,2
2025-07-05,20,latakia,311.52,292.31,n,N,6.86,VIIRS,35.8275,35.91321,N,0.45,VIIRS_SNPP_SP,0.63,0,2
2025-07-05,20,latakia,308.74,291.39,n,N,1.68,VIIRS,35.82859,35.93211,N,0.45,VIIRS_SNPP_SP,0.63,0,2
2025-07-05,20,latakia,329.57,292.14,n,N,3.44,VIIRS,35.8294,35.92874,N,0.45,VIIRS_SNPP_SP,0.63,0,2
2025-07-05,20,latakia,326.48,292.08,n,N,2.51,VIIRS,35.82983,35.92759,N,0.45,VIIRS_SNPP_SP,0.63,0,2
2025-07-05,20,latakia,308.48,289.86,n,N,1.27,VIIRS,35.83028,35.94799,N,0.45,VIIRS_SNPP_SP,0.63,0,2
2025-07-05,20,latakia,320.75,292.31,n,N,2.39,VIIRS,35.83073,35.92399,N,0.45,VIIRS_SNPP_SP,0.63,0,2
2025-07-05,20,latakia,301.26,289.81,n,N,0.87,VIIRS,35.83079,35.94689,N,0.45,VIIRS_SNPP_SP,0.63,0,2
2025-07-05,20,latakia,315.65,292.09,n,N,2.51,VIIRS,35.83112,35.92283,N,0.45,VIIRS_SNPP_SP,0.63,0,2
2025-07-05,20,latakia,311.63,292.43,n,N,2.39,VIIRS,35.83197,35.91952,N,0.45,VIIRS_SNPP_SP,0.63,0,2
2025-07-05,20,latakia,315.74,292.88,n,N,2.19,VIIRS,35.83232,35.91843,N,0.45,VIIRS_SNPP_SP,0.63,0,2
2025-07-05,20,latakia,302.87,292.03,n,N,1.55,VIIRS,35.83315,35.9153,N,0.45,VIIRS_SNPP_SP,0.63,0,2
2025-07-08,1044,latakia,348.33,309.59,n,D,71.38,VIIRS,35.75104,35.93919,N,0.4,VIIRS_SNPP_SP,0.37,0,2
2025-07-08,1044,latakia,354.33,309.6,n,D,8.99,VIIRS,35.8436,36.02916,N,0.4,VIIRS_SNPP_SP,0.37,0,2
2025-07-08,1044,latakia,344.78,304.53,n,D,3.27,VIIRS,35.84512,36.01493,N,0.4,VIIRS_SNPP_SP,0.37,0,2
2025-07-08,1044,latakia,349.41,313.36,n,D,15.35,VIIRS,35.84571,36.01927,N,0.4,VIIRS_SNPP_SP,0.37,0,2
2025-07-08,1044,latakia,336.75,305.27,n,D,4.9,VIIRS,35.84695,36.02835,N,0.4,VIIRS_SNPP_SP,0.37,0,2
2025-07-08,1044,latakia,351.73,313.66,n,D,15.35,VIIRS,35.84969,36.02302,N,0.4,VIIRS_SNPP_SP,0.37,0,2
2025-07-08,1044,latakia,337.36,307.13,n,D,3.75,VIIRS,35.85322,35.92315,N,0.4,VIIRS_SNPP_SP,0.37,0,2
2025-07-08,1044,latakia,345.51,317.73,l,D,38.84,VIIRS,35.85368,36.02679,N,0.4,VIIRS_SNPP_SP,0.37,0,2
2025-07-08,1044,latakia,343.73,306.23,n,D,8.81,VIIRS,35.85382,35.92753,N,0.4,VIIRS_SNPP_SP,0.37,0,2
2025-07-08,1044,latakia,345.45,305.42,n,D,8.81,VIIRS,35.8572,35.92693,N,0.4,VIIRS_SNPP_SP,0.37,0,2
2025-07-08,1044,latakia,349.04,303.57,n,D,8.81,VIIRS,35.85781,35.93133,N,0.4,VIIRS_SNPP_SP,0.37,0,2
2025-07-08,1044,latakia,348.79,306.76,n,D,5.82,VIIRS,35.85818,35.909,N,0.4,VIIRS_SNPP_SP,0.37,0,2
2025-07-08,1044,latakia,345.74,309.12,n,D,33.9,VIIRS,35.85842,35.93571,N,0.4,VIIRS_SNPP_SP,0.37,0,2
2025-07-08,1044,latakia,336.63,304.86,n,D,4.1,VIIRS,35.85997,35.92196,N,0.4,VIIRS_SNPP_SP,0.37,0,2
2025-07-08,1044,latakia,353.3,307.1,n,D,57.62,VIIRS,35.86058,35.92633,N,0.4,VIIRS_SNPP_SP,0.37,0,2
2025-07-08,1044,latakia,367.0,330.37,h,D,57.62,VIIRS,35.86119,35.93071,N,0.4,VIIRS_SNPP_SP,0.37,0,2
2025-07-08,1044,latakia,348.44,309.17,n,D,5.82,VIIRS,35.86154,35.90833,N,0.4,VIIRS_SNPP_SP,0.37,0,2
2025-07-08,1044,latakia,367.0,357.96,h,D,163.96,VIIRS,35.8618,35.93511,N,0.4,VIIRS_SNPP_SP,0.37,0,2
2025-07-08,1044,latakia,355.48,299.46,n,D,163.96,VIIRS,35.8624,35.93947,N,0.4,VIIRS_SNPP_SP,0.37,0,2
2025-07-08,1044,latakia,336.7,297.12,n,D,8.54,VIIRS,35.86301,35.94382,N,0.4,VIIRS_SNPP_SP,0.37,0,2
2025-07-08,1044,latakia,349.86,307.29,n,D,4.1,VIIRS,35.86336,35.92142,N,0.4,VIIRS_SNPP_SP,0.37,0,2
2025-07-08,1044,latakia,356.57,310.5,n,D,57.62,VIIRS,35.86396,35.92574,N,0.4,VIIRS_SNPP_SP,0.37,0,2
2025-07-08,1044,latakia,345.21,304.05,n,D,4.29,VIIRS,35.86492,35.9077,N,0.4,VIIRS_SNPP_SP,0.37,0,2
2025-07-08,1044,latakia,367.0,350.0,l,D,163.96,VIIRS,35.86517,35.93444,N,0.4,VIIRS_SNPP_SP,0.37,0,2
2025-07-08,1044,latakia,342.49,305.76,n,D,4.29,VIIRS,35.86552,35.91206,N,0.4,VIIRS_SNPP_SP,0.37,0,2
2025-07-08,1044,latakia,356.75,300.23,l,D,163.96,VIIRS,35.86577,35.9388,N,0.4,VIIRS_SNPP_SP,0.37,0,2
2025-07-08,1044,latakia,345.77,311.0,n,D,30.71,VIIRS,35.86673,35.92076,N,0.4,VIIRS_SNPP_SP,0.37,0,2
2025-07-08,1044,latakia,355.86,311.55,n,D,25.14,VIIRS,35.86733,35.92508,N,0.4,VIIRS_SNPP_SP,0.37,0,2
2025-07-08,1044,latakia,355.08,314.69,n,D,25.14,VIIRS,35.86794,35.92942,N,0.4,VIIRS_SNPP_SP,0.37,0,2
2025-07-08,1044,latakia,302.59,324.61,l,D,51.95,VIIRS,35.86855,35.93379,N,0.4,VIIRS_SNPP_SP,0.37,0,2
2025-07-08,1044,latakia,347.86,295.65,n,D,51.95,VIIRS,35.86915,35.93816,N,0.4,VIIRS_SNPP_SP,0.37,0,2
2025-07-08,1044,latakia,352.5,301.69,n,D,25.14,VIIRS,35.8713,35.92873,N,0.4,VIIRS_SNPP_SP,0.37,0,2
2025-07-08,1044,latakia,348.2,302.84,n,D,51.95,VIIRS,35.87191,35.93309,N,0.4,VIIRS_SNPP_SP,0.37,0,2
2025-07-08,1044,latakia,352.33,295.05,n,D,51.95,VIIRS,35.87252,35.93748,N,0.4,VIIRS_SNPP_SP,0.37,0,2
2025-07-08,1044,latakia,343.61,295.43,n,D,5.82,VIIRS,35.87312,35.94186,N,0.4,VIIRS_SNPP_SP,0.37,0,2
2025-07-08,2305,latakia,304.43,292.9,n,N,1.51,VIIRS,35.84321,36.03062,N,0.56,VIIRS_SNPP_SP,0.43,0,2
2025-07-08,2305,latakia,307.28,291.73,n,N,1.41,VIIRS,35.84518,36.01281,N,0.56,VIIRS_SNPP_SP,0.43,0,2
2025-07-08,2305,latakia,315.49,292.5,n,N,1.41,VIIRS,35.84911,36.01379,N,0.56,VIIRS_SNPP_SP,0.43,0,2
2025-07-08,2305,latakia,313.36,293.19,n,N,2.36,VIIRS,35.85841,35.92934,N,0.57,VIIRS_SNPP_SP,0.43,0,2
2025-07-09,1025,latakia,336.18,307.06,l,D,5.08,VIIRS,35.84031,36.02765,N,0.43,VIIRS_SNPP_SP,0.38,0,2
2025-07-09,1025,latakia,337.81,307.05,n,D,5.08,VIIRS,35.84111,36.03215,N,0.43,VIIRS_SNPP_SP,0.38,0,2
2025-07-09,1025,latakia,342.48,310.52,n,D,5.08,VIIRS,35.84378,36.02683,N,0.43,VIIRS_SNPP_SP,0.38,0,2
2025-07-09,1025,latakia,332.8,306.05,l,D,5.63,VIIRS,35.84822,36.0111,N,0.43,VIIRS_SNPP_SP,0.38,0,2
2025-07-09,1025,latakia,354.64,318.56,n,D,36.67,VIIRS,35.84908,36.01596,N,0.43,VIIRS_SNPP_SP,0.38,0,2
2025-07-09,1025,latakia,353.35,311.93,n,D,27.6,VIIRS,35.85179,35.94963,N,0.43,VIIRS_SNPP_SP,0.38,0,2
2025-07-09,1025,latakia,347.99,307.02,n,D,13.59,VIIRS,35.85255,36.01511,N,0.43,VIIRS_SNPP_SP,0.38,0,2
2025-07-09,1025,latakia,343.68,311.92,n,D,48.34,VIIRS,35.85438,35.94379,N,0.43,VIIRS_SNPP_SP,0.38,0,2
2025-07-09,1025,latakia,367.0,329.77,l,D,48.34,VIIRS,35.85523,35.94857,N,0.43,VIIRS_SNPP_SP,0.38,0,2
2025-07-09,1025,latakia,367.0,309.29,h,D,48.34,VIIRS,35.8587,35.94763,N,0.43,VIIRS_SNPP_SP,0.38,0,2
2025-07-09,1025,latakia,335.45,306.39,l,D,5.93,VIIRS,35.86904,35.92183,N,0.43,VIIRS_SNPP_SP,0.38,0,2
2025-07-09,1025,latakia,356.04,313.03,n,D,11.74,VIIRS,35.86913,35.94232,N,0.43,VIIRS_SNPP_SP,0.38,0,2
2025-07-09,1025,latakia,347.3,307.91,n,D,11.74,VIIRS,35.87,35.94708,N,0.43,VIIRS_SNPP_SP,0.38,0,2
2025-07-09,1025,latakia,343.97,307.31,n,D,11.74,VIIRS,35.87259,35.94131,N,0.43,VIIRS_SNPP_SP,0.38,0,2
2025-07-09,2246,latakia,346.62,292.79,n,N,2.84,VIIRS,35.85207,35.96052,N,0.34,VIIRS_SNPP_SP,0.56,0,2
2025-07-09,2246,latakia,331.21,292.19,n,N,2.23,VIIRS,35.85236,35.95603,N,0.34,VIIRS_SNPP_SP,0.56,0,2
2025-07-09,2246,latakia,312.23,291.96,n,N,2.23,VIIRS,35.85264,35.95175,N,0.34,VIIRS_SNPP_SP,0.56,0,2
2025-07-09,2246,latakia,323.63,291.89,n,N,2.84,VIIRS,35.857,35.9653,N,0.34,VIIRS_SNPP_SP,0.56,0,2
2025-07-09,2246,latakia,315.19,291.5,n,N,2.84,VIIRS,35.8573,35.96078,N,0.34,VIIRS_SNPP_SP,0.56,0,2
2025-07-09,2246,latakia,310.04,291.04,n,N,2.23,VIIRS,35.85759,35.95651,N,0.34,VIIRS_SNPP_SP,0.56,0,2
2025-07-09,2246,latakia,303.95,291.98,n,N,2.23,VIIRS,35.85787,35.95229,N,0.34,VIIRS_SNPP_SP,0.56,0,2
2025-07-10,26,latakia,313.28,290.99,n,N,2.92,VIIRS,35.84958,35.9647,N,0.55,VIIRS_SNPP_SP,0.68,0,2
2025-07-10,26,latakia,322.84,291.88,n,N,2.92,VIIRS,35.85088,35.96028,N,0.55,VIIRS_SNPP_SP,0.68,0,2
2025-07-10,26,latakia,319.27,292.17,n,N,5.25,VIIRS,35.85225,35.95559,N,0.55,VIIRS_SNPP_SP,0.68,0,2
2025-07-10,26,latakia,302.29,291.03,n,N,2.98,VIIRS,35.8541,35.97247,N,0.55,VIIRS_SNPP_SP,0.68,0,2
2025-07-10,26,latakia,315.02,291.36,n,N,2.76,VIIRS,35.85543,35.96788,N,0.55,VIIRS_SNPP_SP,0.68,0,2
2025-07-10,26,latakia,309.58,291.67,n,N,2.76,VIIRS,35.85679,35.96325,N,0.55,VIIRS_SNPP_SP,0.68,0,2
2025-07-10,26,latakia,322.9,290.2,n,N,2.98,VIIRS,35.86003,35.97537,N,0.55,VIIRS_SNPP_SP,0.68,0,2
2025-07-10,26,latakia,312.86,290.0,n,N,2.76,VIIRS,35.8614,35.97067,N,0.55,VIIRS_SNPP_SP,0.68,0,2
2025-07-10,1006,latakia,301.64,309.5,l,D,44.63,VIIRS,35.39555,36.23785,N,0.46,VIIRS_SNPP_SP,0.47,0,2
2025-07-10,1006,latakia,343.2,310.34,n,D,44.63,VIIRS,35.39642,36.24178,N,0.46,VIIRS_SNPP_SP,0.47,0,2
2025-07-10,1006,latakia,340.56,301.28,n,D,4.02,VIIRS,35.84732,35.95087,N,0.47,VIIRS_SNPP_SP,0.48,0,2
2025-07-10,1006,latakia,339.64,300.1,n,D,4.02,VIIRS,35.8485,35.9561,N,0.47,VIIRS_SNPP_SP,0.48,0,2
2025-07-10,1006,latakia,343.04,300.2,n,D,6.92,VIIRS,35.8497,35.96143,N,0.47,VIIRS_SNPP_SP,0.48,0,2
2025-07-10,1006,latakia,333.21,307.53,l,D,3.5,VIIRS,35.85084,36.02782,N,0.47,VIIRS_SNPP_SP,0.47,0,2
2025-07-10,1006,latakia,333.79,299.96,n,D,6.92,VIIRS,35.85097,35.96705,N,0.47,VIIRS_SNPP_SP,0.48,0,2
2025-07-10,1006,latakia,332.85,301.82,n,D,4.02,VIIRS,35.8526,35.95383,N,0.47,VIIRS_SNPP_SP,0.48,0,2
2025-07-10,1006,latakia,332.23,301.21,n,D,6.92,VIIRS,35.85381,35.95924,N,0.47,VIIRS_SNPP_SP,0.48,0,2
2025-07-10,1006,latakia,352.03,304.31,n,D,6.92,VIIRS,35.85508,35.96487,N,0.47,VIIRS_SNPP_SP,0.48,0,2
2025-07-10,1006,latakia,354.71,302.05,n,D,22.37,VIIRS,35.85637,35.9706,N,0.47,VIIRS_SNPP_SP,0.48,0,2
2025-07-10,1006,latakia,345.27,302.19,n,D,5.02,VIIRS,35.86056,35.96875,N,0.47,VIIRS_SNPP_SP,0.48,0,2
2025-07-10,1006,latakia,351.85,306.35,n,D,17.21,VIIRS,35.87066,35.95215,N,0.47,VIIRS_SNPP_SP,0.48,0,2
2025-07-10,1006,latakia,355.47,302.22,n,D,17.21,VIIRS,35.87188,35.95761,N,0.47,VIIRS_SNPP_SP,0.48,0,2
2025-07-10,1006,latakia,352.41,309.35,n,D,19.87,VIIRS,35.87497,35.95078,N,0.47,VIIRS_SNPP_SP,0.48,0,2
2025-07-10,1006,latakia,345.21,301.75,n,D,19.87,VIIRS,35.87626,35.95659,N,0.47,VIIRS_SNPP_SP,0.48,0,2
2025-07-10,1006,latakia,339.24,300.78,n,D,19.87,VIIRS,35.87929,35.9495,N,0.47,VIIRS_SNPP_SP,0.48,0,2
2025-07-10,2227,latakia,319.47,298.75,n,N,7.45,VIIRS,35.39297,36.24375,N,0.6,VIIRS_SNPP_SP,0.71,0,2
2025-07-10,2227,latakia,316.11,299.06,n,N,7.19,VIIRS,35.39593,36.24459,N,0.6,VIIRS_SNPP_SP,0.71,0,2
2025-07-11,8,latakia,325.6,300.44,n,N,4.27,VIIRS,35.39803,36.24561,N,0.33,VIIRS_SNPP_SP,0.55,0,2
2025-07-11,8,latakia,326.29,291.82,n,N,5.98,VIIRS,35.85976,35.98034,N,0.62,VIIRS_SNPP_SP,0.54,0,2
2025-07-11,948,latakia,347.5,305.13,n,D,7.59,VIIRS,35.64993,36.06099,N,0.42,VIIRS_SNPP_SP,0.61,0,2
2025-07-11,948,latakia,334.16,305.51,n,D,36.07,VIIRS,35.84667,35.96371,N,0.42,VIIRS_SNPP_SP,0.61,0,2
2025-07-11,948,latakia,367.0,306.25,h,D,50.86,VIIRS,35.84813,35.96913,N,0.42,VIIRS_SNPP_SP,0.61,0,2
2025-07-11,948,latakia,367.0,302.07,h,D,8.42,VIIRS,35.85258,36.00806,N,0.42,VIIRS_SNPP_SP,0.61,0,2
2025-07-11,948,latakia,340.23,300.45,n,D,8.42,VIIRS,35.854,36.01334,N,0.42,VIIRS_SNPP_SP,0.61,0,2
2025-07-11,948,latakia,367.0,307.39,h,D,4.56,VIIRS,35.85838,35.98484,N,0.42,VIIRS_SNPP_SP,0.61,0,2
2025-07-11,948,latakia,344.76,304.79,n,D,4.56,VIIRS,35.85958,35.98932,N,0.42,VIIRS_SNPP_SP,0.61,0,2
2025-07-11,948,latakia,344.4,308.84,n,D,7.29,VIIRS,35.86376,35.98243,N,0.42,VIIRS_SNPP_SP,0.61,0,2
2025-07-11,948,latakia,367.0,308.88,h,D,7.29,VIIRS,35.86492,35.98672,N,0.42,VIIRS_SNPP_SP,0.61,0,2
2025-07-11,948,latakia,367.0,308.15,h,D,7.98,VIIRS,35.87874,35.97087,N,0.42,VIIRS_SNPP_SP,0.61,0,2
2025-07-11,948,latakia,335.89,304.4,n,D,3.27,VIIRS,35.88469,35.97061,N,0.42,VIIRS_SNPP_SP,0.61,0,2
2025-07-11,1128,latakia,344.3,307.73,n,D,3.78,VIIRS,35.8423,35.96615,N,0.45,VIIRS_SNPP_SP,0.63,0,2
2025-07-11,1128,latakia,345.07,304.86,n,D,21.92,VIIRS,35.84503,35.95352,N,0.45,VIIRS_SNPP_SP,0.63,0,2
2025-07-11,1128,latakia,354.37,312.87,n,D,53.91,VIIRS,35.84545,35.96272,N,0.45,VIIRS_SNPP_SP,0.63,0,2
2025-07-11,1128,latakia,367.0,313.3,h,D,56.79,VIIRS,35.84564,35.96681,N,0.45,VIIRS_SNPP_SP,0.63,0,2
2025-07-11,1128,latakia,367.0,318.65,h,D,142.42,VIIRS,35.84799,35.96157,N,0.45,VIIRS_SNPP_SP,0.63,0,2
2025-07-11,1128,latakia,357.25,313.0,n,D,48.3,VIIRS,35.84821,35.96587,N,0.45,VIIRS_SNPP_SP,0.63,0,2
2025-07-11,1128,latakia,350.65,304.65,n,D,48.3,VIIRS,35.84843,35.97009,N,0.45,VIIRS_SNPP_SP,0.63,0,2
2025-07-11,1128,latakia,345.65,304.02,n,D,7.51,VIIRS,35.85006,36.00164,N,0.45,VIIRS_SNPP_SP,0.63,0,2
2025-07-11,1128,latakia,337.19,304.36,n,D,10.49,VIIRS,35.85031,36.00644,N,0.45,VIIRS_SNPP_SP,0.63,0,2
2025-07-11,1128,latakia,335.06,307.65,n,D,10.49,VIIRS,35.85054,36.01078,N,0.46,VIIRS_SNPP_SP,0.63,0,2
2025-07-11,1128,latakia,335.36,305.77,l,D,53.91,VIIRS,35.85121,35.9591,N,0.45,VIIRS_SNPP_SP,0.63,0,2
2025-07-11,1128,latakia,333.5,306.67,n,D,53.91,VIIRS,35.85141,35.96345,N,0.45,VIIRS_SNPP_SP,0.63,0,2
2025-07-11,1128,latakia,338.32,302.22,n,D,11.96,VIIRS,35.85299,35.99763,N,0.45,VIIRS_SNPP_SP,0.63,0,2
2025-07-11,1128,latakia,355.99,306.58,n,D,11.96,VIIRS,35.85322,36.00266,N,0.46,VIIRS_SNPP_SP,0.63,0,2
2025-07-11,1128,latakia,367.0,310.96,h,D,19.73,VIIRS,35.85343,36.00717,N,0.46,VIIRS_SNPP_SP,0.63,0,2
2025-07-11,1128,latakia,355.28,305.7,n,D,19.73,VIIRS,35.85363,36.01158,N,0.46,VIIRS_SNPP_SP,0.63,0,2
2025-07-11,1128,latakia,343.83,303.42,n,D,7.51,VIIRS,35.85595,36.00078,N,0.45,VIIRS_SNPP_SP,0.63,0,2
2025-07-11,1128,latakia,367.0,309.38,h,D,10.49,VIIRS,35.85619,36.00544,N,0.45,VIIRS_SNPP_SP,0.63,0,2
2025-07-11,1128,latakia,355.07,303.94,n,D,10.49,VIIRS,35.85643,36.01001,N,0.46,VIIRS_SNPP_SP,0.63,0,2
2025-07-11,1128,latakia,352.08,311.14,n,D,45.22,VIIRS,35.86411,35.98161,N,0.45,VIIRS_SNPP_SP,0.63,0,2
2025-07-11,1128,latakia,367.0,336.92,h,D,104.65,VIIRS,35.86436,35.98696,N,0.45,VIIRS_SNPP_SP,0.63,0,2
2025-07-11,1128,latakia,367.0,316.3,h,D,104.65,VIIRS,35.86459,35.99186,N,0.45,VIIRS_SNPP_SP,0.63,0,2
2025-07-11,1128,latakia,348.11,308.0,n,D,15.56,VIIRS,35.86945,35.96894,N,0.45,VIIRS_SNPP_SP,0.63,0,2
2025-07-11,1128,latakia,367.0,312.54,h,D,15.56,VIIRS,35.86964,35.97313,N,0.45,VIIRS_SNPP_SP,0.63,0,2
2025-07-11,1128,latakia,353.4,313.03,n,D,13.22,VIIRS,35.86983,35.97722,N,0.45,VIIRS_SNPP_SP,0.63,0,2
2025-07-11,1128,latakia,351.5,310.52,n,D,13.22,VIIRS,35.87006,35.98193,N,0.45,VIIRS_SNPP_SP,0.63,0,2
2025-07-11,1128,latakia,332.25,306.06,n,D,5.95,VIIRS,35.87427,35.94571,N,0.45,VIIRS_SNPP_SP,0.63,0,2
2025-07-11,1128,latakia,340.05,304.59,n,D,13.22,VIIRS,35.87572,35.97635,N,0.45,VIIRS_SNPP_SP,0.63,0,2
2025-07-11,1128,latakia,346.33,305.41,n,D,13.22,VIIRS,35.87595,35.98117,N,0.45,VIIRS_SNPP_SP,0.63,0,2
2025-07-11,1128,latakia,367.0,305.94,h,D,8.23,VIIRS,35.88036,35.94941,N,0.45,VIIRS_SNPP_SP,0.63,0,2
2025-07-11,1128,latakia,343.2,305.65,n,D,7.83,VIIRS,35.88113,35.96527,N,0.45,VIIRS_SNPP_SP,0.63,0,2
2025-07-11,1128,latakia,367.0,310.9,h,D,7.83,VIIRS,35.88134,35.96972,N,0.45,VIIRS_SNPP_SP,0.63,0,2
2025-07-11,1128,latakia,367.0,306.94,h,D,7.78,VIIRS,35.88157,35.9747,N,0.45,VIIRS_SNPP_SP,0.63,0,2
2025-07-11,1128,latakia,333.74,302.34,n,D,7.78,VIIRS,35.88184,35.98014,N,0.45,VIIRS_SNPP_SP,0.63,0,2
2025-07-11,2349,latakia,306.74,292.62,n,N,3.45,VIIRS,35.8436,35.97,N,0.53,VIIRS_SNPP_SP,0.42,0,2
2025-07-11,2349,latakia,338.32,296.86,n,N,7.43,VIIRS,35.84468,35.9646,N,0.53,VIIRS_SNPP_SP,0.42,0,2
2025-07-11,2349,latakia,345.06,298.67,n,N,18.49,VIIRS,35.846,35.9657,N,0.53,VIIRS_SNPP_SP,0.42,0,2
2025-07-11,2349,latakia,308.42,293.89,n,N,7.43,VIIRS,35.84844,35.96582,N,0.53,VIIRS_SNPP_SP,0.42,0,2
2025-07-11,2349,latakia,312.62,294.13,n,N,1.45,VIIRS,35.85405,36.00462,N,0.53,VIIRS_SNPP_SP,0.42,0,2
2025-07-11,2349,latakia,327.24,294.49,n,N,2.11,VIIRS,35.85787,36.00557,N,0.53,VIIRS_SNPP_SP,0.42,0,2
2025-07-11,2349,latakia,308.89,294.53,n,N,2.11,VIIRS,35.86045,36.01255,N,0.53,VIIRS_SNPP_SP,0.42,0,2
2025-07-11,2349,latakia,318.91,294.07,n,N,2.11,VIIRS,35.86166,36.00665,N,0.53,VIIRS_SNPP_SP,0.42,0,2
2025-07-11,2349,latakia,323.15,293.49,n,N,4.03,VIIRS,35.86283,36.00093,N,0.53,VIIRS_SNPP_SP,0.42,0,2
2025-07-11,2349,latakia,312.78,295.31,n,N,1.81,VIIRS,35.86291,36.02013,N,0.53,VIIRS_SNPP_SP,0.42,0,2
2025-07-11,2349,latakia,325.21,294.96,n,N,3.94,VIIRS,35.86655,36.00237,N,0.53,VIIRS_SNPP_SP,0.42,0,2
2025-07-11,2349,latakia,309.15,294.76,n,N,3.94,VIIRS,35.87025,36.00391,N,0.53,VIIRS_SNPP_SP,0.42,0,2
2025-07-11,2349,latakia,346.0,297.61,n,N,3.94,VIIRS,35.8714,35.99828,N,0.53,VIIRS_SNPP_SP,0.42,0,2
2025-07-11,2349,latakia,328.73,293.35,n,N,5.15,VIIRS,35.87891,36.0008,N,0.53,VIIRS_SNPP_SP,0.42,0,2
2025-07-11,2349,latakia,322.09,295.96,n,N,4.0,VIIRS,35.87894,35.9417,N,0.53,VIIRS_SNPP_SP,0.42,0,2
2025-07-11,2349,latakia,341.86,295.11,n,N,7.24,VIIRS,35.88266,36.00209,N,0.53,VIIRS_SNPP_SP,0.42,0,2
2025-07-11,2349,latakia,331.06,295.65,n,N,4.1,VIIRS,35.88441,35.95415,N,0.53,VIIRS_SNPP_SP,0.42,0,2
2025-07-11,2349,latakia,334.83,296.85,n,N,6.5,VIIRS,35.88549,35.94884,N,0.53,VIIRS_SNPP_SP,0.42,0,2
2025-07-11,2349,latakia,322.59,295.06,n,N,4.13,VIIRS,35.88755,35.99773,N,0.53,VIIRS_SNPP_SP,0.42,0,2
2025-07-11,2349,latakia,318.83,292.69,n,N,1.5,VIIRS,35.88879,35.97195,N,0.53,VIIRS_SNPP_SP,0.42,0,2
2025-07-11,2349,latakia,345.7,299.26,n,N,14.07,VIIRS,35.8913,35.99902,N,0.53,VIIRS_SNPP_SP,0.42,0,2
2025-07-12,929,latakia,342.12,302.58,n,D,14.31,VIIRS,35.85814,36.02264,N,0.73,VIIRS_SNPP_SP,0.76,0,2
2025-07-12,929,latakia,338.5,302.67,n,D,8.66,VIIRS,35.85978,36.02131,N,0.73,VIIRS_SNPP_SP,0.76,0,2
2025-07-12,929,latakia,337.17,306.28,n,D,6.49,VIIRS,35.86028,36.00517,N,0.73,VIIRS_SNPP_SP,0.76,0,2
2025-07-12,929,latakia,335.49,304.74,n,D,6.49,VIIRS,35.86251,36.01222,N,0.73,VIIRS_SNPP_SP,0.76,0,2
2025-07-12,929,latakia,330.94,303.85,l,D,11.76,VIIRS,35.87512,36.00355,N,0.73,VIIRS_SNPP_SP,0.76,0,2
2025-07-12,929,latakia,333.05,304.03,l,D,7.93,VIIRS,35.87749,36.01105,N,0.73,VIIRS_SNPP_SP,0.76,0,2
2025-07-12,929,latakia,367.0,309.74,h,D,32.33,VIIRS,35.88393,35.98286,N,0.73,VIIRS_SNPP_SP,0.76,0,2
2025-07-12,929,latakia,331.78,303.91,l,D,9.16,VIIRS,35.88396,36.00724,N,0.73,VIIRS_SNPP_SP,0.76,0,2
2025-07-12,929,latakia,346.1,308.05,n,D,35.16,VIIRS,35.88595,35.98923,N,0.73,VIIRS_SNPP_SP,0.76,0,2
2025-07-12,1109,latakia,343.0,308.94,n,D,5.44,VIIRS,35.33656,36.07499,N,0.49,VIIRS_SNPP_SP,0.49,0,2
2025-07-12,1109,latakia,342.43,308.08,n,D,5.44,VIIRS,35.34106,36.07437,N,0.49,VIIRS_SNPP_SP,0.49,0,2
2025-07-12,1109,latakia,337.75,307.37,n,D,2.46,VIIRS,35.82249,36.03825,N,0.49,VIIRS_SNPP_SP,0.49,0,2
2025-07-12,1109,latakia,353.08,310.69,n,D,17.34,VIIRS,35.85604,36.00376,N,0.49,VIIRS_SNPP_SP,0.49,0,2
2025-07-12,1109,latakia,349.6,307.67,n,D,15.38,VIIRS,35.85752,36.02045,N,0.49,VIIRS_SNPP_SP,0.49,0,2
2025-07-12,1109,latakia,367.0,311.62,h,D,9.92,VIIRS,35.86052,36.00288,N,0.49,VIIRS_SNPP_SP,0.49,0,2
2025-07-12,1109,latakia,354.63,314.89,n,D,27.74,VIIRS,35.86102,36.00841,N,0.49,VIIRS_SNPP_SP,0.49,0,2
2025-07-12,1109,latakia,356.02,312.27,n,D,27.74,VIIRS,35.86155,36.0144,N,0.49,VIIRS_SNPP_SP,0.49,0,2
2025-07-12,1109,latakia,341.12,309.03,n,D,6.05,VIIRS,35.86211,36.02066,N,0.49,VIIRS_SNPP_SP,0.49,0,2
2025-07-12,1109,latakia,342.26,310.67,n,D,9.92,VIIRS,35.86506,36.00254,N,0.49,VIIRS_SNPP_SP,0.49,0,2
2025-07-12,1109,latakia,354.91,311.37,n,D,27.74,VIIRS,35.86558,36.00833,N,0.49,VIIRS_SNPP_SP,0.49,0,2
2025-07-12,1109,latakia,367.0,308.98,h,D,27.74,VIIRS,35.86613,36.0144,N,0.49,VIIRS_SNPP_SP,0.49,0,2
2025-07-12,1109,latakia,355.87,311.15,n,D,14.56,VIIRS,35.8666,36.00593,N,0.49,VIIRS_SNPP_SP,0.49,0,2
2025-07-12,1109,latakia,336.86,304.19,n,D,6.05,VIIRS,35.86668,36.02054,N,0.49,VIIRS_SNPP_SP,0.49,0,2
2025-07-12,1109,latakia,346.69,308.22,n,D,9.92,VIIRS,35.8671,36.01191,N,0.49,VIIRS_SNPP_SP,0.49,0,2
2025-07-12,1109,latakia,341.75,304.69,n,D,9.92,VIIRS,35.8676,36.01802,N,0.49,VIIRS_SNPP_SP,0.49,0,2
2025-07-12,1109,latakia,339.29,310.04,l,D,6.19,VIIRS,35.86965,36.00275,N,0.49,VIIRS_SNPP_SP,0.49,0,2
2025-07-12,1109,latakia,342.58,308.13,n,D,11.68,VIIRS,35.87069,36.01432,N,0.49,VIIRS_SNPP_SP,0.49,0,2
2025-07-12,1109,latakia,352.36,309.83,n,D,14.56,VIIRS,35.87072,36.00046,N,0.49,VIIRS_SNPP_SP,0.49,0,2
2025-07-12,1109,latakia,347.58,307.5,n,D,9.92,VIIRS,35.87166,36.01183,N,0.49,VIIRS_SNPP_SP,0.49,0,2
2025-07-12,1109,latakia,343.55,308.34,n,D,6.19,VIIRS,35.8742,36.00251,N,0.49,VIIRS_SNPP_SP,0.49,0,2
2025-07-12,1109,latakia,335.88,309.45,n,D,8.17,VIIRS,35.87572,36.00565,N,0.49,VIIRS_SNPP_SP,0.49,0,2
2025-07-12,1109,latakia,343.28,312.14,n,D,6.21,VIIRS,35.87578,35.96933,N,0.49,VIIRS_SNPP_SP,0.49,0,2
2025-07-12,1109,latakia,336.03,309.59,n,D,17.33,VIIRS,35.87619,36.01134,N,0.49,VIIRS_SNPP_SP,0.49,0,2
2025-07-12,1109,latakia,344.55,317.89,n,D,13.6,VIIRS,35.87623,35.9743,N,0.49,VIIRS_SNPP_SP,0.49,0,2
2025-07-12,1109,latakia,354.63,317.64,n,D,13.37,VIIRS,35.87745,35.97182,N,0.49,VIIRS_SNPP_SP,0.49,0,2
2025-07-12,1109,latakia,342.21,307.87,n,D,4.38,VIIRS,35.87756,35.93845,N,0.49,VIIRS_SNPP_SP,0.48,0,2
2025-07-12,1109,latakia,344.34,308.41,n,D,7.32,VIIRS,35.87804,35.94382,N,0.49,VIIRS_SNPP_SP,0.48,0,2
2025-07-12,1109,latakia,339.39,311.53,n,D,6.35,VIIRS,35.87874,36.00215,N,0.49,VIIRS_SNPP_SP,0.49,0,2
2025-07-12,1109,latakia,367.0,318.23,h,D,25.95,VIIRS,35.87924,36.00774,N,0.49,VIIRS_SNPP_SP,0.49,0,2
2025-07-12,1109,latakia,356.65,308.6,n,D,10.24,VIIRS,35.87942,35.94121,N,0.49,VIIRS_SNPP_SP,0.49,0,2
2025-07-12,1109,latakia,354.55,314.03,n,D,25.95,VIIRS,35.87975,36.0133,N,0.49,VIIRS_SNPP_SP,0.49,0,2
2025-07-12,1109,latakia,353.99,312.54,n,D,6.21,VIIRS,35.88021,35.96792,N,0.49,VIIRS_SNPP_SP,0.49,0,2
2025-07-12,1109,latakia,342.81,309.66,n,D,14.34,VIIRS,35.88021,36.01854,N,0.49,VIIRS_SNPP_SP,0.49,0,2
2025-07-12,1109,latakia,353.23,312.21,n,D,8.17,VIIRS,35.88026,36.0053,N,0.49,VIIRS_SNPP_SP,0.49,0,2
2025-07-12,1109,latakia,367.0,313.6,h,D,17.33,VIIRS,35.88073,36.01091,N,0.49,VIIRS_SNPP_SP,0.49,0,2
2025-07-12,1109,latakia,352.57,310.19,n,D,17.33,VIIRS,35.88118,36.01629,N,0.49,VIIRS_SNPP_SP,0.49,0,2
2025-07-12,1109,latakia,341.31,307.64,n,D,5.88,VIIRS,35.88146,35.96534,N,0.49,VIIRS_SNPP_SP,0.49,0,2
2025-07-12,1109,latakia,338.14,312.99,l,D,5.88,VIIRS,35.88189,35.97037,N,0.49,VIIRS_SNPP_SP,0.49,0,2
2025-07-12,1109,latakia,342.37,315.94,l,D,8.23,VIIRS,35.88284,35.98167,N,0.49,VIIRS_SNPP_SP,0.49,0,2
2025-07-12,1109,latakia,337.13,307.97,l,D,3.42,VIIRS,35.88513,35.95484,N,0.49,VIIRS_SNPP_SP,0.49,0,2
2025-07-12,1109,latakia,355.36,311.58,n,D,8.23,VIIRS,35.8868,35.97461,N,0.49,VIIRS_SNPP_SP,0.49,0,2
2025-07-12,1109,latakia,341.22,308.37,n,D,8.23,VIIRS,35.88733,35.98077,N,0.49,VIIRS_SNPP_SP,0.49,0,2
2025-07-12,1109,latakia,355.34,315.53,n,D,33.07,VIIRS,35.88786,35.98709,N,0.49,VIIRS_SNPP_SP,0.49,0,2
2025-07-12,1109,latakia,333.42,307.11,l,D,5.07,VIIRS,35.88888,35.99924,N,0.49,VIIRS_SNPP_SP,0.49,0,2
2025-07-12,2330,latakia,309.57,293.72,n,N,1.5,VIIRS,35.85942,36.02766,N,0.39,VIIRS_SNPP_SP,0.36,0,2
2025-07-12,2330,latakia,321.46,294.77,n,N,1.5,VIIRS,35.86011,36.02342,N,0.39,VIIRS_SNPP_SP,0.36,0,2
2025-07-12,2330,latakia,307.01,293.65,n,N,1.66,VIIRS,35.86478,36.01577,N,0.39,VIIRS_SNPP_SP,0.36,0,2
2025-07-12,2330,latakia,304.59,292.51,n,N,1.26,VIIRS,35.86615,36.00727,N,0.39,VIIRS_SNPP_SP,0.36,0,2
2025-07-12,2330,latakia,307.43,294.11,n,N,4.13,VIIRS,35.87135,36.01743,N,0.39,VIIRS_SNPP_SP,0.36,0,2
2025-07-12,2330,latakia,332.76,303.2,n,N,15.91,VIIRS,35.87204,36.01318,N,0.39,VIIRS_SNPP_SP,0.36,0,2
2025-07-12,2330,latakia,317.03,294.86,n,N,15.91,VIIRS,35.87533,36.01399,N,0.39,VIIRS_SNPP_SP,0.36,0,2
2025-07-12,2330,latakia,308.87,293.84,n,N,0.75,VIIRS,35.88299,35.9456,N,0.39,VIIRS_SNPP_SP,0.36,0,2
2025-07-12,2330,latakia,305.24,293.96,n,N,0.75,VIIRS,35.88367,35.94137,N,0.39,VIIRS_SNPP_SP,0.36,0,2
2025-07-12,2330,latakia,306.58,294.09,n,N,0.75,VIIRS,35.88628,35.94638,N,0.39,VIIRS_SNPP_SP,0.36,0,2
2025-07-13,1050,latakia,342.72,310.34,n,D,6.68,VIIRS,35.86328,36.0046,N,0.44,VIIRS_SNPP_SP,0.38,0,2
2025-07-13,1050,latakia,346.5,309.28,n,D,12.52,VIIRS,35.86517,36.01984,N,0.44,VIIRS_SNPP_SP,0.38,0,2
2025-07-13,1050,latakia,335.87,304.51,n,D,10.48,VIIRS,35.86872,36.0193,N,0.44,VIIRS_SNPP_SP,0.38,0,2
2025-07-13,1050,latakia,340.29,308.6,n,D,10.48,VIIRS,35.87164,36.01365,N,0.44,VIIRS_SNPP_SP,0.38,0,2
2025-07-13,1050,latakia,354.35,311.41,n,D,10.48,VIIRS,35.87226,36.01865,N,0.44,VIIRS_SNPP_SP,0.38,0,2
2025-07-13,1050,latakia,344.65,311.11,n,D,5.62,VIIRS,35.87386,35.94439,N,0.44,VIIRS_SNPP_SP,0.38,0,2
2025-07-13,1050,latakia,351.37,314.22,n,D,10.41,VIIRS,35.87579,36.01786,N,0.44,VIIRS_SNPP_SP,0.38,0,2
2025-07-13,1050,latakia,340.21,307.47,n,D,18.2,VIIRS,35.87702,36.02776,N,0.44,VIIRS_SNPP_SP,0.38,0,2
2025-07-13,1050,latakia,355.21,315.73,n,D,18.2,VIIRS,35.88055,36.027,N,0.44,VIIRS_SNPP_SP,0.38,0,2
2025-07-13,1050,latakia,337.01,305.05,n,D,55.81,VIIRS,35.88501,35.94685,N,0.44,VIIRS_SNPP_SP,0.38,0,2
2025-07-13,1050,latakia,367.0,335.63,h,D,40.71,VIIRS,35.88788,35.94096,N,0.44,VIIRS_SNPP_SP,0.38,0,2
2025-07-13,1050,latakia,337.59,307.64,n,D,40.71,VIIRS,35.88851,35.94594,N,0.44,VIIRS_SNPP_SP,0.38,0,2
2025-07-13,1050,latakia,350.9,306.8,n,D,40.71,VIIRS,35.89133,35.93963,N,0.44,VIIRS_SNPP_SP,0.38,0,2
2025-07-13,1050,latakia,337.84,304.7,n,D,40.71,VIIRS,35.89196,35.94468,N,0.44,VIIRS_SNPP_SP,0.38,0,2
2025-07-13,2311,latakia,311.42,293.87,n,N,1.03,VIIRS,35.56999,35.94563,N,0.48,VIIRS_SNPP_SP,0.4,0,2
2025-07-13,2311,latakia,306.67,293.89,n,N,1.03,VIIRS,35.57367,35.94621,N,0.48,VIIRS_SNPP_SP,0.4,0,2
2025-07-13,2311,latakia,314.66,293.11,n,N,2.29,VIIRS,35.86125,36.02641,N,0.48,VIIRS_SNPP_SP,0.4,0,2
2025-07-13,2311,latakia,307.47,292.91,n,N,1.38,VIIRS,35.86495,36.02684,N,0.48,VIIRS_SNPP_SP,0.4,0,2
2025-07-13,2311,latakia,308.68,292.92,n,N,1.28,VIIRS,35.87595,36.02881,N,0.48,VIIRS_SNPP_SP,0.4,0,2
2025-07-13,2311,latakia,311.55,293.16,n,N,1.61,VIIRS,35.87894,36.02655,N,0.48,VIIRS_SNPP_SP,0.4,0,2
2025-07-15,1012,latakia,353.4,316.7,n,D,70.42,VIIRS,35.36768,36.25346,N,0.39,VIIRS_SNPP_SP,0.44,0,2
2025-07-15,1012,latakia,336.54,304.16,n,D,5.71,VIIRS,35.36841,36.25703,N,0.39,VIIRS_SNPP_SP,0.44,0,2
2025-07-15,1012,latakia,367.0,327.33,l,D,251.03,VIIRS,35.37087,36.24858,N,0.39,VIIRS_SNPP_SP,0.44,0,2
2025-07-15,1012,latakia,367.0,354.47,h,D,251.03,VIIRS,35.37159,36.2521,N,0.39,VIIRS_SNPP_SP,0.44,0,2
2025-07-15,1012,latakia,367.0,328.15,h,D,179.75,VIIRS,35.3716,36.24884,N,0.39,VIIRS_SNPP_SP,0.44,0,2
2025-07-15,1012,latakia,367.0,333.5,l,D,179.75,VIIRS,35.37232,36.25233,N,0.39,VIIRS_SNPP_SP,0.44,0,2
2025-07-15,1012,latakia,367.0,351.14,l,D,159.0,VIIRS,35.37232,36.25563,N,0.39,VIIRS_SNPP_SP,0.44,0,2
2025-07-15,1012,latakia,367.0,330.62,l,D,159.0,VIIRS,35.37305,36.25925,N,0.39,VIIRS_SNPP_SP,0.44,0,2
2025-07-15,1012,latakia,367.0,363.87,l,D,223.74,VIIRS,35.37306,36.25587,N,0.39,VIIRS_SNPP_SP,0.44,0,2
2025-07-15,1012,latakia,353.16,317.07,n,D,223.74,VIIRS,35.37381,36.25949,N,0.39,VIIRS_SNPP_SP,0.44,0,2
2025-07-15,1012,latakia,341.28,305.47,n,D,159.0,VIIRS,35.3762,36.25413,N,0.39,VIIRS_SNPP_SP,0.44,0,2
2025-07-23,2324,latakia,317.47,302.92,n,N,4.1,VIIRS,35.39013,36.24714,N,0.39,VIIRS_SNPP_SP,0.36,0,2
2025-07-23,2324,latakia,321.92,304.03,n,N,4.19,VIIRS,35.39344,36.24784,N,0.39,VIIRS_SNPP_SP,0.36,0,2
2025-07-23,2324,latakia,324.75,301.69,n,N,4.19,VIIRS,35.39407,36.24368,N,0.39,VIIRS_SNPP_SP,0.36,0,2
2025-07-23,2324,latakia,327.7,303.44,n,N,4.19,VIIRS,35.39675,36.24855,N,0.39,VIIRS_SNPP_SP,0.36,0,2
2025-07-23,2324,latakia,331.35,304.45,n,N,4.19,VIIRS,35.39738,36.24438,N,0.39,VIIRS_SNPP_SP,0.36,0,2
2025-07-05,1022,latakia,367.0,329.29,h,D,82.85,VIIRS,35.73247,35.96782,N20,0.43,VIIRS_NOAA20_SP,0.38,0,2
2025-07-05,1022,latakia,367.0,330.37,l,D,107.78,VIIRS,35.73412,35.97713,N20,0.43,VIIRS_NOAA20_SP,0.38,0,2
2025-07-05,1022,latakia,336.84,303.19,n,D,10.65,VIIRS,35.73505,35.96209,N20,0.43,VIIRS_NOAA20_SP,0.38,0,2
2025-07-05,1022,latakia,367.0,333.26,l,D,82.85,VIIRS,35.7359,35.9669,N20,0.43,VIIRS_NOAA20_SP,0.38,0,2
2025-07-05,1022,latakia,348.6,309.9,l,D,82.85,VIIRS,35.73675,35.97168,N20,0.43,VIIRS_NOAA20_SP,0.38,0,2
2025-07-05,1022,latakia,345.27,310.7,l,D,8.63,VIIRS,35.73934,35.96592,N20,0.43,VIIRS_NOAA20_SP,0.38,0,2
2025-07-05,1022,latakia,367.0,334.3,h,D,87.84,VIIRS,35.74105,35.95528,N20,0.43,VIIRS_NOAA20_SP,0.38,0,2
2025-07-05,1022,latakia,353.0,315.88,n,D,87.84,VIIRS,35.7419,35.96004,N20,0.43,VIIRS_NOAA20_SP,0.38,0,2
2025-07-05,1022,latakia,344.56,311.18,l,D,8.63,VIIRS,35.74275,35.96486,N20,0.43,VIIRS_NOAA20_SP,0.38,0,2
2025-07-05,1022,latakia,367.0,328.08,l,D,33.77,VIIRS,35.74449,35.95429,N20,0.43,VIIRS_NOAA20_SP,0.38,0,2
2025-07-05,1022,latakia,346.42,312.18,n,D,33.77,VIIRS,35.74533,35.95905,N20,0.43,VIIRS_NOAA20_SP,0.38,0,2
2025-07-05,1022,latakia,351.62,312.49,n,D,11.83,VIIRS,35.74617,35.96383,N20,0.43,VIIRS_NOAA20_SP,0.38,0,2
2025-07-05,1022,latakia,340.24,310.76,l,D,11.83,VIIRS,35.74705,35.9688,N20,0.43,VIIRS_NOAA20_SP,0.38,0,2
2025-07-05,1022,latakia,367.0,315.51,h,D,33.77,VIIRS,35.74793,35.95338,N20,0.43,VIIRS_NOAA20_SP,0.38,0,2
2025-07-05,1022,latakia,346.24,310.97,n,D,33.77,VIIRS,35.74878,35.95815,N20,0.43,VIIRS_NOAA20_SP,0.38,0,2
2025-07-05,1022,latakia,348.26,315.51,n,D,11.83,VIIRS,35.74962,35.96294,N20,0.43,VIIRS_NOAA20_SP,0.38,0,2
2025-07-05,1022,latakia,338.5,311.75,n,D,8.56,VIIRS,35.75139,35.95259,N20,0.43,VIIRS_NOAA20_SP,0.38,0,2
2025-07-05,1022,latakia,346.07,311.39,n,D,8.56,VIIRS,35.75223,35.95733,N20,0.43,VIIRS_NOAA20_SP,0.38,0,2
2025-07-05,1022,latakia,349.05,313.99,l,D,8.56,VIIRS,35.75485,35.95176,N20,0.43,VIIRS_NOAA20_SP,0.38,0,2
2025-07-05,1022,latakia,354.69,319.85,n,D,8.56,VIIRS,35.75568,35.95647,N20,0.43,VIIRS_NOAA20_SP,0.38,0,2
2025-07-05,1022,latakia,367.0,327.67,h,D,59.61,VIIRS,35.75663,35.94147,N20,0.43,VIIRS_NOAA20_SP,0.38,0,2
2025-07-05,1022,latakia,311.67,315.91,l,D,44.38,VIIRS,35.75745,35.93831,N20,0.43,VIIRS_NOAA20_SP,0.38,0,2
2025-07-05,1022,latakia,348.73,316.15,n,D,59.61,VIIRS,35.75746,35.94614,N20,0.43,VIIRS_NOAA20_SP,0.38,0,2
2025-07-05,1022,latakia,367.0,338.49,h,D,76.29,VIIRS,35.75829,35.94297,N20,0.43,VIIRS_NOAA20_SP,0.38,0,2
2025-07-05,1022,latakia,352.88,321.5,l,D,25.48,VIIRS,35.75829,35.95082,N20,0.43,VIIRS_NOAA20_SP,0.38,0,2
2025-07-05,1022,latakia,350.29,323.57,n,D,25.48,VIIRS,35.75912,35.95555,N20,0.43,VIIRS_NOAA20_SP,0.38,0,2
2025-07-05,1022,latakia,346.43,315.46,n,D,76.29,VIIRS,35.75913,35.94763,N20,0.43,VIIRS_NOAA20_SP,0.38,0,2
2025-07-05,1022,latakia,346.5,313.4,n,D,22.23,VIIRS,35.75998,35.95234,N20,0.43,VIIRS_NOAA20_SP,0.38,0,2
2025-07-05,1022,latakia,367.0,342.78,h,D,59.61,VIIRS,35.76007,35.94051,N20,0.43,VIIRS_NOAA20_SP,0.38,0,2
2025-07-05,1022,latakia,346.4,313.02,n,D,59.61,VIIRS,35.76089,35.94518,N20,0.43,VIIRS_NOAA20_SP,0.38,0,2
2025-07-05,1022,latakia,338.47,310.29,l,D,7.64,VIIRS,35.76859,35.94005,N20,0.43,VIIRS_NOAA20_SP,0.38,0,2
2025-07-05,1022,latakia,349.19,313.16,l,D,10.91,VIIRS,35.77118,35.93441,N20,0.43,VIIRS_NOAA20_SP,0.38,0,2
2025-07-05,1022,latakia,336.59,310.0,n,D,10.91,VIIRS,35.77376,35.92874,N20,0.43,VIIRS_NOAA20_SP,0.38,0,2
2025-07-05,1022,latakia,347.26,308.5,n,D,10.91,VIIRS,35.7746,35.93339,N20,0.43,VIIRS_NOAA20_SP,0.38,0,2
2025-07-05,1022,latakia,367.0,334.63,h,D,69.99,VIIRS,35.77718,35.92766,N20,0.43,VIIRS_NOAA20_SP,0.38,0,2
2025-07-05,1022,latakia,338.59,310.27,n,D,69.99,VIIRS,35.77802,35.93234,N20,0.43,VIIRS_NOAA20_SP,0.38,0,2
2025-07-05,1022,latakia,345.83,311.86,n,D,36.6,VIIRS,35.78404,35.92567,N20,0.43,VIIRS_NOAA20_SP,0.38,0,2
2025-07-05,1022,latakia,338.16,310.29,n,D,36.6,VIIRS,35.78489,35.93039,N20,0.43,VIIRS_NOAA20_SP,0.38,0,2
2025-07-05,1022,latakia,367.0,329.44,h,D,36.6,VIIRS,35.78747,35.92471,N20,0.43,VIIRS_NOAA20_SP,0.38,0,2
2025-07-05,1022,latakia,337.33,296.22,l,D,13.16,VIIRS,35.79671,36.01634,N20,0.43,VIIRS_NOAA20_SP,0.38,0,2
2025-07-05,1022,latakia,367.0,301.28,h,D,49.28,VIIRS,35.79847,36.00611,N20,0.43,VIIRS_NOAA20_SP,0.38,0,2
2025-07-05,1022,latakia,353.6,306.07,l,D,144.74,VIIRS,35.79929,36.01068,N20,0.43,VIIRS_NOAA20_SP,0.38,0,2
2025-07-05,1022,latakia,350.59,301.1,l,D,144.74,VIIRS,35.80014,36.01542,N20,0.43,VIIRS_NOAA20_SP,0.38,0,2
2025-07-05,1022,latakia,367.0,307.6,h,D,49.28,VIIRS,35.80112,36.00081,N20,0.43,VIIRS_NOAA20_SP,0.38,0,2
2025-07-05,1022,latakia,367.0,332.04,h,D,49.28,VIIRS,35.80194,36.00537,N20,0.43,VIIRS_NOAA20_SP,0.38,0,2
2025-07-05,1022,latakia,367.0,358.4,l,D,144.74,VIIRS,35.80275,36.0099,N20,0.43,VIIRS_NOAA20_SP,0.38,0,2
2025-07-05,1022,latakia,335.4,299.43,l,D,5.09,VIIRS,35.80443,36.01933,N20,0.43,VIIRS_NOAA20_SP,0.38,0,2
2025-07-05,1022,latakia,343.76,314.96,n,D,0.0,VIIRS,35.80458,36.00006,N20,0.43,VIIRS_NOAA20_SP,0.38,0,2
2025-07-05,1022,latakia,367.0,378.2,l,D,0.0,VIIRS,35.8054,36.00461,N20,0.43,VIIRS_NOAA20_SP,0.38,0,2
2025-07-05,1022,latakia,367.0,377.82,l,D,0.0,VIIRS,35.80621,36.00912,N20,0.43,VIIRS_NOAA20_SP,0.38,0,2
2025-07-05,1022,latakia,367.0,334.01,l,D,0.0,VIIRS,35.80702,36.01369,N20,0.43,VIIRS_NOAA20_SP,0.38,0,2
2025-07-05,1022,latakia,334.24,302.13,l,D,4.82,VIIRS,35.80787,36.01841,N20,0.43,VIIRS_NOAA20_SP,0.38,0,2
2025-07-05,1022,latakia,367.0,346.04,h,D,0.0,VIIRS,35.80804,35.99926,N20,0.43,VIIRS_NOAA20_SP,0.38,0,2
2025-07-05,1022,latakia,367.0,371.33,l,D,0.0,VIIRS,35.80885,36.00383,N20,0.43,VIIRS_NOAA20_SP,0.38,0,2
2025-07-05,1022,latakia,367.0,371.66,l,D,0.0,VIIRS,35.80966,36.00833,N20,0.43,VIIRS_NOAA20_SP,0.38,0,2
2025-07-05,1022,latakia,343.48,300.45,l,D,11.86,VIIRS,35.80981,35.98903,N20,0.43,VIIRS_NOAA20_SP,0.38,0,2
2025-07-05,1022,latakia,367.0,330.65,l,D,0.0,VIIRS,35.81047,36.01285,N20,0.43,VIIRS_NOAA20_SP,0.38,0,2
2025-07-05,1022,latakia,341.33,313.54,n,D,11.86,VIIRS,35.81066,35.99379,N20,0.43,VIIRS_NOAA20_SP,0.38,0,2
2025-07-05,1022,latakia,353.25,319.19,n,D,61.43,VIIRS,35.81149,35.99843,N20,0.43,VIIRS_NOAA20_SP,0.38,0,2
2025-07-05,1022,latakia,367.0,358.28,l,D,61.43,VIIRS,35.81231,36.00301,N20,0.43,VIIRS_NOAA20_SP,0.38,0,2
2025-07-05,1022,latakia,346.46,318.52,n,D,42.0,VIIRS,35.81311,36.00752,N20,0.43,VIIRS_NOAA20_SP,0.38,0,2
2025-07-05,1022,latakia,348.6,303.6,n,D,11.86,VIIRS,35.81326,35.98818,N20,0.43,VIIRS_NOAA20_SP,0.38,0,2
2025-07-05,1022,latakia,331.97,305.83,l,D,42.0,VIIRS,35.81392,36.01203,N20,0.43,VIIRS_NOAA20_SP,0.38,0,2
2025-07-05,1022,latakia,342.82,306.05,n,D,11.86,VIIRS,35.8141,35.99292,N20,0.43,VIIRS_NOAA20_SP,0.38,0,2
2025-07-05,1022,latakia,347.22,313.59,n,D,61.43,VIIRS,35.81494,35.9976,N20,0.43,VIIRS_NOAA20_SP,0.38,0,2
2025-07-05,1022,latakia,352.97,314.07,n,D,61.43,VIIRS,35.81575,36.00217,N20,0.43,VIIRS_NOAA20_SP,0.38,0,2
2025-07-05,1022,latakia,344.42,303.5,l,D,16.29,VIIRS,35.81583,35.98245,N20,0.43,VIIRS_NOAA20_SP,0.38,0,2
2025-07-05,1022,latakia,350.3,303.58,n,D,14.27,VIIRS,35.81668,35.98724,N20,0.43,VIIRS_NOAA20_SP,0.38,0,2
2025-07-05,1022,latakia,347.54,310.69,n,D,14.27,VIIRS,35.81754,35.992,N20,0.43,VIIRS_NOAA20_SP,0.38,0,2
2025-07-05,1022,latakia,355.99,301.82,l,D,16.29,VIIRS,35.81837,35.97652,N20,0.43,VIIRS_NOAA20_SP,0.38,0,2
2025-07-05,1022,latakia,367.0,315.63,h,D,13.71,VIIRS,35.81838,35.99671,N20,0.43,VIIRS_NOAA20_SP,0.38,0,2
2025-07-05,1022,latakia,355.84,302.56,n,D,16.29,VIIRS,35.81924,35.98138,N20,0.43,VIIRS_NOAA20_SP,0.38,0,2
2025-07-05,1022,latakia,356.28,308.81,n,D,14.27,VIIRS,35.82012,35.98628,N20,0.43,VIIRS_NOAA20_SP,0.38,0,2
2025-07-05,1022,latakia,367.0,300.19,h,D,233.04,VIIRS,35.82094,35.97069,N20,0.43,VIIRS_NOAA20_SP,0.38,0,2
2025-07-05,1022,latakia,354.68,313.03,n,D,14.27,VIIRS,35.82097,35.99109,N20,0.43,VIIRS_NOAA20_SP,0.38,0,2
2025-07-05,1022,latakia,348.97,300.07,n,D,220.57,VIIRS,35.8218,35.97553,N20,0.43,VIIRS_NOAA20_SP,0.38,0,2
2025-07-05,1022,latakia,350.73,310.36,n,D,13.71,VIIRS,35.82182,35.99585,N20,0.43,VIIRS_NOAA20_SP,0.38,0,2
2025-07-05,1022,latakia,345.98,304.62,n,D,12.71,VIIRS,35.82276,35.96073,N20,0.43,VIIRS_NOAA20_SP,0.38,0,2
2025-07-05,1022,latakia,367.0,359.56,l,D,233.04,VIIRS,35.8244,35.9699,N20,0.43,VIIRS_NOAA20_SP,0.38,0,2
2025-07-05,1022,latakia,349.53,310.31,n,D,6.12,VIIRS,35.82453,35.90992,N20,0.43,VIIRS_NOAA20_SP,0.38,0,2
2025-07-05,1022,latakia,367.0,348.95,h,D,220.57,VIIRS,35.82525,35.97473,N20,0.43,VIIRS_NOAA20_SP,0.38,0,2
2025-07-05,1022,latakia,348.49,309.75,n,D,6.87,VIIRS,35.82537,35.91468,N20,0.43,VIIRS_NOAA20_SP,0.38,0,2
2025-07-05,1022,latakia,367.0,353.27,h,D,156.17,VIIRS,35.82619,35.95979,N20,0.43,VIIRS_NOAA20_SP,0.38,0,2
2025-07-05,1022,latakia,367.0,360.51,h,D,0.0,VIIRS,35.82702,35.96445,N20,0.43,VIIRS_NOAA20_SP,0.38,0,2
2025-07-05,1022,latakia,367.0,375.92,l,D,0.0,VIIRS,35.82786,35.96912,N20,0.43,VIIRS_NOAA20_SP,0.38,0,2
2025-07-05,1022,latakia,341.28,309.39,n,D,23.8,VIIRS,35.82792,35.92896,N20,0.43,VIIRS_NOAA20_SP,0.38,0,2
2025-07-05,1022,latakia,344.06,307.14,l,D,6.12,VIIRS,35.82796,35.90891,N20,0.43,VIIRS_NOAA20_SP,0.38,0,2
2025-07-05,1022,latakia,367.0,339.41,h,D,177.17,VIIRS,35.82871,35.97394,N20,0.43,VIIRS_NOAA20_SP,0.38,0,2
2025-07-05,1022,latakia,353.02,311.72,n,D,41.43,VIIRS,35.82877,35.93375,N20,0.43,VIIRS_NOAA20_SP,0.38,0,2
2025-07-05,1022,latakia,352.74,315.37,n,D,156.17,VIIRS,35.82878,35.95407,N20,0.43,VIIRS_NOAA20_SP,0.38,0,2
2025-07-05,1022,latakia,344.7,308.88,l,D,6.87,VIIRS,35.8288,35.91363,N20,0.43,VIIRS_NOAA20_SP,0.38,0,2
2025-07-05,1022,latakia,355.16,312.55,n,D,41.43,VIIRS,35.82962,35.93856,N20,0.43,VIIRS_NOAA20_SP,0.38,0,2
2025-07-05,1022,latakia,367.0,357.9,l,D,156.17,VIIRS,35.82962,35.95883,N20,0.43,VIIRS_NOAA20_SP,0.38,0,2
2025-07-05,1022,latakia,344.77,310.37,l,D,6.87,VIIRS,35.82965,35.91848,N20,0.43,VIIRS_NOAA20_SP,0.38,0,2
2025-07-05,1022,latakia,367.0,364.21,l,D,0.0,VIIRS,35.83047,35.9636,N20,0.43,VIIRS_NOAA20_SP,0.38,0,2
2025-07-05,1022,latakia,355.58,312.97,n,D,36.21,VIIRS,35.83049,35.94345,N20,0.43,VIIRS_NOAA20_SP,0.38,0,2
2025-07-05,1022,latakia,354.56,320.39,n,D,23.8,VIIRS,35.83051,35.92328,N20,0.43,VIIRS_NOAA20_SP,0.38,0,2
2025-07-05,1022,latakia,367.0,359.19,h,D,0.0,VIIRS,35.83131,35.96834,N20,0.43,VIIRS_NOAA20_SP,0.38,0,2
2025-07-05,1022,latakia,367.0,310.55,h,D,36.21,VIIRS,35.83135,35.9483,N20,0.43,VIIRS_NOAA20_SP,0.38,0,2
2025-07-05,1022,latakia,367.0,325.36,l,D,23.8,VIIRS,35.83136,35.92804,N20,0.43,VIIRS_NOAA20_SP,0.38,0,2
2025-07-05,1022,latakia,338.26,304.07,n,D,177.17,VIIRS,35.83217,35.97314,N20,0.43,VIIRS_NOAA20_SP,0.38,0,2
2025-07-05,1022,latakia,367.0,336.98,h,D,41.43,VIIRS,35.83223,35.93291,N20,0.43,VIIRS_NOAA20_SP,0.38,0,2
2025-07-05,1022,latakia,367.0,355.57,h,D,182.47,VIIRS,35.83308,35.958,N20,0.43,VIIRS_NOAA20_SP,0.38,0,2
2025-07-05,1022,latakia,367.0,332.27,l,D,41.43,VIIRS,35.83309,35.93782,N20,0.43,VIIRS_NOAA20_SP,0.38,0,2
2025-07-05,1022,latakia,351.13,317.07,n,D,34.32,VIIRS,35.8331,35.91755,N20,0.43,VIIRS_NOAA20_SP,0.38,0,2
2025-07-05,1022,latakia,367.0,370.58,l,D,168.87,VIIRS,35.83393,35.96278,N20,0.43,VIIRS_NOAA20_SP,0.38,0,2
2025-07-05,1022,latakia,339.29,307.3,n,D,13.47,VIIRS,35.83395,35.92238,N20,0.43,VIIRS_NOAA20_SP,0.38,0,2
2025-07-05,1022,latakia,367.0,335.31,h,D,36.21,VIIRS,35.83395,35.94265,N20,0.43,VIIRS_NOAA20_SP,0.38,0,2
2025-07-05,1022,latakia,344.33,312.82,n,D,168.87,VIIRS,35.83477,35.96755,N20,0.43,VIIRS_NOAA20_SP,0.38,0,2
2025-07-05,1022,latakia,351.88,317.75,n,D,36.21,VIIRS,35.83482,35.94751,N20,0.43,VIIRS_NOAA20_SP,0.38,0,2
2025-07-05,1022,latakia,367.0,335.63,h,D,182.47,VIIRS,35.83653,35.95716,N20,0.43,VIIRS_NOAA20_SP,0.38,0,2
2025-07-05,1022,latakia,367.0,335.13,h,D,145.94,VIIRS,35.83656,35.93703,N20,0.43,VIIRS_NOAA20_SP,0.38,0,2
2025-07-05,1022,latakia,367.0,327.76,l,D,168.87,VIIRS,35.83738,35.96195,N20,0.43,VIIRS_NOAA20_SP,0.38,0,2
2025-07-05,1022,latakia,367.0,372.25,l,D,250.75,VIIRS,35.83742,35.94188,N20,0.43,VIIRS_NOAA20_SP,0.38,0,2
2025-07-05,1022,latakia,344.54,313.06,n,D,250.75,VIIRS,35.83827,35.9467,N20,0.43,VIIRS_NOAA20_SP,0.38,0,2
2025-07-05,1022,latakia,350.31,314.7,n,D,7.62,VIIRS,35.83845,36.04893,N20,0.43,VIIRS_NOAA20_SP,0.38,0,2
2025-07-05,1022,latakia,335.21,310.01,n,D,7.62,VIIRS,35.83926,36.05352,N20,0.43,VIIRS_NOAA20_SP,0.38,0,2
2025-07-05,1022,latakia,355.62,315.74,n,D,11.49,VIIRS,35.84191,36.04822,N20,0.43,VIIRS_NOAA20_SP,0.38,0,2
2025-07-05,1022,latakia,347.98,314.18,n,D,11.49,VIIRS,35.84271,36.05275,N20,0.43,VIIRS_NOAA20_SP,0.38,0,2
2025-07-05,2244,latakia,313.17,292.78,n,N,1.19,VIIRS,35.73616,35.95151,N20,0.34,VIIRS_NOAA20_SP,0.56,0,2
2025-07-05,2244,latakia,306.99,292.65,n,N,5.07,VIIRS,35.73809,35.95326,N20,0.34,VIIRS_NOAA20_SP,0.56,0,2
2025-07-05,2244,latakia,349.93,294.12,n,N,5.07,VIIRS,35.73834,35.94943,N20,0.34,VIIRS_NOAA20_SP,0.56,0,2
2025-07-05,2244,latakia,337.43,292.01,n,N,7.3,VIIRS,35.7386,35.94552,N20,0.34,VIIRS_NOAA20_SP,0.56,0,2
2025-07-05,2244,latakia,331.33,294.49,n,N,22.48,VIIRS,35.74135,35.95156,N20,0.34,VIIRS_NOAA20_SP,0.56,0,2
2025-07-05,2244,latakia,346.5,308.98,n,N,17.5,VIIRS,35.74163,35.9477,N20,0.34,VIIRS_NOAA20_SP,0.56,0,2
2025-07-05,2244,latakia,318.92,291.74,n,N,17.5,VIIRS,35.74191,35.94385,N20,0.34,VIIRS_NOAA20_SP,0.56,0,2
2025-07-05,2244,latakia,333.51,301.7,n,N,30.68,VIIRS,35.74352,35.94954,N20,0.34,VIIRS_NOAA20_SP,0.56,0,2
2025-07-05,2244,latakia,367.0,293.62,h,N,12.49,VIIRS,35.74378,35.94565,N20,0.34,VIIRS_NOAA20_SP,0.56,0,2
2025-07-05,2244,latakia,316.23,292.05,n,N,17.5,VIIRS,35.7468,35.94812,N20,0.34,VIIRS_NOAA20_SP,0.56,0,2
2025-07-05,2244,latakia,325.1,291.96,n,N,17.5,VIIRS,35.74706,35.94443,N20,0.34,VIIRS_NOAA20_SP,0.56,0,2
2025-07-05,2244,latakia,331.2,294.25,n,N,12.49,VIIRS,35.74891,35.9466,N20,0.34,VIIRS_NOAA20_SP,0.56,0,2
2025-07-05,2244,latakia,333.69,292.74,n,N,12.49,VIIRS,35.74916,35.94297,N20,0.34,VIIRS_NOAA20_SP,0.56,0,2
2025-07-05,2244,latakia,309.37,291.28,n,N,1.25,VIIRS,35.75451,35.94055,N20,0.34,VIIRS_NOAA20_SP,0.56,0,2
2025-07-05,2244,latakia,329.81,292.09,n,N,1.25,VIIRS,35.75993,35.93717,N20,0.34,VIIRS_NOAA20_SP,0.56,0,2
2025-07-05,2244,latakia,342.21,293.74,n,N,2.22,VIIRS,35.81544,36.0337,N20,0.33,VIIRS_NOAA20_SP,0.56,0,2
2025-07-05,2244,latakia,302.81,292.06,n,N,2.22,VIIRS,35.81572,36.0299,N20,0.33,VIIRS_NOAA20_SP,0.56,0,2
2025-07-05,2244,latakia,306.16,292.35,n,N,1.48,VIIRS,35.81658,36.01778,N20,0.33,VIIRS_NOAA20_SP,0.56,0,2
2025-07-05,2244,latakia,302.81,292.01,n,N,1.48,VIIRS,35.81684,36.01415,N20,0.33,VIIRS_NOAA20_SP,0.56,0,2
2025-07-05,2244,latakia,346.18,294.04,n,N,3.46,VIIRS,35.81708,36.01078,N20,0.34,VIIRS_NOAA20_SP,0.56,0,2
2025-07-05,2244,latakia,322.71,290.53,n,N,3.46,VIIRS,35.81731,36.00759,N20,0.34,VIIRS_NOAA20_SP,0.56,0,2
2025-07-05,2244,latakia,308.07,292.56,n,N,1.14,VIIRS,35.82034,36.03748,N20,0.33,VIIRS_NOAA20_SP,0.56,0,2
2025-07-05,2244,latakia,304.18,291.86,n,N,3.71,VIIRS,35.82059,36.03405,N20,0.33,VIIRS_NOAA20_SP,0.56,0,2
2025-07-05,2244,latakia,305.37,292.93,n,N,3.71,VIIRS,35.82084,36.03056,N20,0.33,VIIRS_NOAA20_SP,0.56,0,2
2025-07-05,2244,latakia,303.06,292.61,n,N,6.04,VIIRS,35.82113,36.02662,N20,0.33,VIIRS_NOAA20_SP,0.56,0,2
2025-07-05,2244,latakia,305.82,292.28,n,N,6.04,VIIRS,35.82143,36.02237,N20,0.33,VIIRS_NOAA20_SP,0.56,0,2
2025-07-05,2244,latakia,305.74,292.38,n,N,2.04,VIIRS,35.8217,36.01846,N20,0.33,VIIRS_NOAA20_SP,0.56,0,2
2025-07-05,2244,latakia,303.78,291.86,n,N,2.04,VIIRS,35.82196,36.01484,N20,0.33,VIIRS_NOAA20_SP,0.56,0,2
2025-07-05,2244,latakia,304.1,291.67,n,N,1.26,VIIRS,35.82221,36.01141,N20,0.34,VIIRS_NOAA20_SP,0.56,0,2
2025-07-05,2244,latakia,303.35,291.43,n,N,1.26,VIIRS,35.82244,36.00818,N20,0.34,VIIRS_NOAA20_SP,0.56,0,2
2025-07-05,2244,latakia,304.26,291.2,n,N,1.42,VIIRS,35.82267,36.00498,N20,0.34,VIIRS_NOAA20_SP,0.56,0,2
2025-07-05,2244,latakia,304.95,290.54,n,N,1.42,VIIRS,35.82291,36.0017,N20,0.34,VIIRS_NOAA20_SP,0.56,0,2
2025-07-05,2244,latakia,354.45,297.83,n,N,3.71,VIIRS,35.826,36.03065,N20,0.33,VIIRS_NOAA20_SP,0.56,0,2
2025-07-05,2244,latakia,367.0,296.7,h,N,6.04,VIIRS,35.82627,36.02699,N20,0.33,VIIRS_NOAA20_SP,0.56,0,2
2025-07-05,2244,latakia,367.0,295.11,h,N,6.04,VIIRS,35.82655,36.02314,N20,0.33,VIIRS_NOAA20_SP,0.56,0,2
2025-07-05,2244,latakia,303.87,291.77,n,N,2.04,VIIRS,35.82682,36.0193,N20,0.33,VIIRS_NOAA20_SP,0.56,0,2
2025-07-05,2244,latakia,339.03,294.02,n,N,2.04,VIIRS,35.8271,36.01546,N20,0.33,VIIRS_NOAA20_SP,0.56,0,2
2025-07-05,2244,latakia,312.5,291.77,n,N,1.26,VIIRS,35.82735,36.01188,N20,0.34,VIIRS_NOAA20_SP,0.56,0,2
2025-07-05,2244,latakia,335.47,293.33,n,N,1.42,VIIRS,35.82804,36.00226,N20,0.34,VIIRS_NOAA20_SP,0.56,0,2
2025-07-05,2244,latakia,310.7,291.67,n,N,2.2,VIIRS,35.82828,35.99906,N20,0.34,VIIRS_NOAA20_SP,0.56,0,2
2025-07-05,2244,latakia,333.16,293.65,n,N,4.56,VIIRS,35.83294,36.00616,N20,0.34,VIIRS_NOAA20_SP,0.56,0,2
2025-07-05,2244,latakia,355.58,297.57,n,N,4.56,VIIRS,35.83318,36.00285,N20,0.34,VIIRS_NOAA20_SP,0.56,0,2
2025-07-05,2244,latakia,338.68,293.27,n,N,5.85,VIIRS,35.83342,35.9996,N20,0.34,VIIRS_NOAA20_SP,0.56,0,2
2025-07-05,2244,latakia,344.7,295.83,n,N,6.42,VIIRS,35.83506,36.0051,N20,0.34,VIIRS_NOAA20_SP,0.56,0,2
2025-07-05,2244,latakia,367.0,300.74,h,N,6.42,VIIRS,35.83529,36.00173,N20,0.34,VIIRS_NOAA20_SP,0.56,0,2
2025-07-05,2244,latakia,315.76,292.12,n,N,4.45,VIIRS,35.83551,35.99841,N20,0.34,VIIRS_NOAA20_SP,0.56,0,2
2025-07-05,2244,latakia,309.38,293.1,n,N,4.56,VIIRS,35.83805,36.00712,N20,0.34,VIIRS_NOAA20_SP,0.56,0,2
2025-07-05,2244,latakia,322.81,293.25,n,N,1.46,VIIRS,35.83829,35.93167,N20,0.34,VIIRS_NOAA20_SP,0.56,0,2
2025-07-05,2244,latakia,339.42,296.16,n,N,4.56,VIIRS,35.83831,36.00355,N20,0.34,VIIRS_NOAA20_SP,0.56,0,2
2025-07-05,2244,latakia,319.43,292.7,n,N,5.85,VIIRS,35.83856,36.00015,N20,0.34,VIIRS_NOAA20_SP,0.56,0,2
2025-07-05,2244,latakia,305.7,293.4,n,N,1.58,VIIRS,35.83891,35.92294,N20,0.34,VIIRS_NOAA20_SP,0.56,0,2
2025-07-05,2244,latakia,306.85,291.7,n,N,1.04,VIIRS,35.83905,35.99331,N20,0.34,VIIRS_NOAA20_SP,0.56,0,2
2025-07-05,2244,latakia,326.18,293.42,n,N,1.92,VIIRS,35.83995,35.93032,N20,0.34,VIIRS_NOAA20_SP,0.56,0,2
2025-07-05,2244,latakia,328.43,293.11,n,N,6.42,VIIRS,35.84043,36.00231,N20,0.34,VIIRS_NOAA20_SP,0.56,0,2
2025-07-05,2244,latakia,301.63,291.41,n,N,4.45,VIIRS,35.84065,35.99902,N20,0.34,VIIRS_NOAA20_SP,0.56,0,2
2025-07-05,2244,latakia,310.49,291.91,n,N,1.5,VIIRS,35.84111,35.99213,N20,0.34,VIIRS_NOAA20_SP,0.56,0,2
2025-07-05,2244,latakia,338.76,295.04,n,N,12.26,VIIRS,35.84163,35.9576,N20,0.34,VIIRS_NOAA20_SP,0.56,0,2
2025-07-05,2244,latakia,367.0,295.89,h,N,9.23,VIIRS,35.84192,35.95352,N20,0.34,VIIRS_NOAA20_SP,0.56,0,2
2025-07-05,2244,latakia,306.32,292.17,n,N,9.23,VIIRS,35.84222,35.9494,N20,0.34,VIIRS_NOAA20_SP,0.56,0,2
2025-07-05,2244,latakia,319.05,292.06,n,N,1.92,VIIRS,35.84251,35.94537,N20,0.34,VIIRS_NOAA20_SP,0.56,0,2
2025-07-05,2244,latakia,311.64,293.32,n,N,1.46,VIIRS,35.84337,35.93336,N20,0.34,VIIRS_NOAA20_SP,0.56,0,2
2025-07-05,2244,latakia,352.49,298.58,n,N,15.16,VIIRS,35.84347,35.95623,N20,0.34,VIIRS_NOAA20_SP,0.56,0,2
2025-07-05,2244,latakia,367.0,292.69,h,N,7.96,VIIRS,35.84373,35.95211,N20,0.34,VIIRS_NOAA20_SP,0.56,0,2
2025-07-05,2244,latakia,314.35,292.16,n,N,7.96,VIIRS,35.844,35.94801,N20,0.34,VIIRS_NOAA20_SP,0.56,0,2
2025-07-05,2244,latakia,309.34,292.37,n,N,1.78,VIIRS,35.84426,35.94402,N20,0.34,VIIRS_NOAA20_SP,0.56,0,2
2025-07-05,2244,latakia,321.12,293.57,n,N,1.78,VIIRS,35.84451,35.94028,N20,0.34,VIIRS_NOAA20_SP,0.56,0,2
2025-07-05,2244,latakia,313.39,293.41,n,N,1.92,VIIRS,35.84477,35.93628,N20,0.34,VIIRS_NOAA20_SP,0.56,0,2
2025-07-05,2244,latakia,305.98,290.73,n,N,1.19,VIIRS,35.84499,35.98295,N20,0.34,VIIRS_NOAA20_SP,0.56,0,2
2025-07-05,2244,latakia,316.43,290.39,n,N,1.39,VIIRS,35.84526,35.97924,N20,0.34,VIIRS_NOAA20_SP,0.56,0,2
2025-07-05,2244,latakia,316.97,291.23,n,N,1.45,VIIRS,35.84698,35.98166,N20,0.34,VIIRS_NOAA20_SP,0.56,0,2
2025-07-05,2244,latakia,304.56,290.31,n,N,1.26,VIIRS,35.84724,35.97787,N20,0.34,VIIRS_NOAA20_SP,0.56,0,2
2025-07-05,2244,latakia,319.15,292.74,n,N,1.49,VIIRS,35.84795,35.94195,N20,0.34,VIIRS_NOAA20_SP,0.56,0,2
2025-07-05,2244,latakia,311.94,292.51,n,N,1.3,VIIRS,35.84823,35.93813,N20,0.34,VIIRS_NOAA20_SP,0.56,0,2
2025-07-06,24,latakia,311.13,291.0,n,N,1.18,VIIRS,35.73057,35.96039,N20,0.57,VIIRS_NOAA20_SP,0.69,0,2
2025-07-06,24,latakia,306.09,291.74,n,N,6.61,VIIRS,35.73957,35.95299,N20,0.57,VIIRS_NOAA20_SP,0.69,0,2
2025-07-06,24,latakia,367.0,293.79,h,N,7.8,VIIRS,35.74123,35.94735,N20,0.57,VIIRS_NOAA20_SP,0.69,0,2
2025-07-06,24,latakia,330.2,292.42,n,N,7.8,VIIRS,35.7491,35.94375,N20,0.57,VIIRS_NOAA20_SP,0.69,0,2
2025-07-06,24,latakia,320.48,290.11,n,N,2.23,VIIRS,35.81164,36.03275,N20,0.58,VIIRS_NOAA20_SP,0.7,0,2
2025-07-06,24,latakia,309.59,291.08,n,N,2.79,VIIRS,35.81336,36.03766,N20,0.58,VIIRS_NOAA20_SP,0.7,0,2
2025-07-06,24,latakia,311.36,290.02,n,N,2.57,VIIRS,35.81513,36.03168,N20,0.58,VIIRS_NOAA20_SP,0.7,0,2
2025-07-06,24,latakia,302.12,290.71,n,N,2.23,VIIRS,35.81757,36.03582,N20,0.58,VIIRS_NOAA20_SP,0.7,0,2
2025-07-06,24,latakia,303.68,291.65,n,N,2.57,VIIRS,35.82289,36.02853,N20,0.58,VIIRS_NOAA20_SP,0.69,0,2
2025-07-06,24,latakia,307.42,291.55,n,N,3.3,VIIRS,35.82449,36.02311,N20,0.58,VIIRS_NOAA20_SP,0.69,0,2
2025-07-06,24,latakia,302.29,290.64,n,N,1.88,VIIRS,35.83047,36.00288,N20,0.57,VIIRS_NOAA20_SP,0.69,0,2
2025-07-06,24,latakia,303.23,292.13,n,N,2.5,VIIRS,35.83484,35.91912,N20,0.57,VIIRS_NOAA20_SP,0.69,0,2
2025-07-06,24,latakia,311.69,291.44,n,N,1.68,VIIRS,35.83651,36.00551,N20,0.57,VIIRS_NOAA20_SP,0.69,0,2
2025-07-06,24,latakia,307.29,292.52,n,N,1.61,VIIRS,35.83699,35.92186,N20,0.57,VIIRS_NOAA20_SP,0.69,0,2
2025-07-06,24,latakia,320.35,292.59,n,N,4.09,VIIRS,35.83815,35.93087,N20,0.57,VIIRS_NOAA20_SP,0.69,0,2
2025-07-06,24,latakia,301.99,290.27,n,N,1.33,VIIRS,35.83861,35.99842,N20,0.57,VIIRS_NOAA20_SP,0.69,0,2
2025-07-06,24,latakia,315.28,292.77,n,N,9.92,VIIRS,35.8389,35.93863,N20,0.57,VIIRS_NOAA20_SP,0.69,0,2
2025-07-06,24,latakia,314.31,291.56,n,N,3.79,VIIRS,35.84034,35.95709,N20,0.57,VIIRS_NOAA20_SP,0.69,0,2
2025-07-06,24,latakia,351.86,300.21,n,N,20.66,VIIRS,35.84045,35.93329,N20,0.57,VIIRS_NOAA20_SP,0.69,0,2
2025-07-06,24,latakia,318.15,291.85,n,N,4.21,VIIRS,35.8414,35.94289,N20,0.57,VIIRS_NOAA20_SP,0.69,0,2
2025-07-06,24,latakia,316.03,291.99,n,N,20.66,VIIRS,35.84195,35.92808,N20,0.57,VIIRS_NOAA20_SP,0.69,0,2
2025-07-06,24,latakia,352.78,297.18,n,N,30.01,VIIRS,35.84314,35.937,N20,0.57,VIIRS_NOAA20_SP,0.69,0,2
2025-07-06,24,latakia,321.57,291.52,n,N,9.92,VIIRS,35.84351,35.94614,N20,0.57,VIIRS_NOAA20_SP,0.69,0,2
2025-07-06,24,latakia,299.69,289.59,n,N,0.55,VIIRS,35.84422,35.97939,N20,0.57,VIIRS_NOAA20_SP,0.69,0,2
2025-07-06,24,latakia,314.24,291.2,n,N,2.71,VIIRS,35.84434,35.95592,N20,0.57,VIIRS_NOAA20_SP,0.69,0,2
2025-07-06,24,latakia,367.0,295.01,h,N,30.01,VIIRS,35.84467,35.93182,N20,0.57,VIIRS_NOAA20_SP,0.69,0,2
2025-07-06,24,latakia,324.6,292.73,n,N,9.92,VIIRS,35.84522,35.94021,N20,0.57,VIIRS_NOAA20_SP,0.69,0,2
2025-07-06,24,latakia,349.01,292.05,n,N,20.66,VIIRS,35.84684,35.93462,N20,0.57,VIIRS_NOAA20_SP,0.69,0,2
2025-07-06,24,latakia,301.78,291.33,n,N,4.21,VIIRS,35.84742,35.94551,N20,0.57,VIIRS_NOAA20_SP,0.69,0,2
2025-07-06,1004,latakia,351.27,317.18,n,D,12.75,VIIRS,35.69376,36.26368,N20,0.45,VIIRS_NOAA20_SP,0.47,0,2
2025-07-06,1004,latakia,343.26,312.07,n,D,5.87,VIIRS,35.69456,36.26735,N20,0.45,VIIRS_NOAA20_SP,0.47,0,2
2025-07-06,1004,latakia,367.0,308.72,h,D,7.36,VIIRS,35.71302,35.99123,N20,0.47,VIIRS_NOAA20_SP,0.48,0,2
2025-07-06,1004,latakia,344.93,304.57,n,D,7.36,VIIRS,35.71732,35.99005,N20,0.47,VIIRS_NOAA20_SP,0.48,0,2
2025-07-06,1004,latakia,355.05,313.06,n,D,9.38,VIIRS,35.72904,35.96041,N20,0.47,VIIRS_NOAA20_SP,0.48,0,2
2025-07-06,1004,latakia,343.66,310.75,n,D,9.38,VIIRS,35.73014,35.96542,N20,0.47,VIIRS_NOAA20_SP,0.48,0,2
2025-07-06,1004,latakia,341.51,310.4,n,D,6.25,VIIRS,35.73628,35.95177,N20,0.47,VIIRS_NOAA20_SP,0.48,0,2
2025-07-06,1004,latakia,338.05,307.02,n,D,37.9,VIIRS,35.73935,35.94496,N20,0.47,VIIRS_NOAA20_SP,0.48,0,2
2025-07-06,1004,latakia,367.0,311.31,h,D,37.9,VIIRS,35.74046,35.95004,N20,0.47,VIIRS_NOAA20_SP,0.48,0,2
2025-07-06,1004,latakia,344.97,314.91,n,D,37.9,VIIRS,35.74357,35.94334,N20,0.47,VIIRS_NOAA20_SP,0.48,0,2
2025-07-06,1004,latakia,351.82,317.17,n,D,37.9,VIIRS,35.74467,35.94838,N20,0.47,VIIRS_NOAA20_SP,0.48,0,2
2025-07-06,1004,latakia,338.88,313.01,n,D,14.21,VIIRS,35.74579,35.9535,N20,0.47,VIIRS_NOAA20_SP,0.48,0,2
2025-07-06,1004,latakia,356.6,312.3,n,D,14.26,VIIRS,35.74787,35.94213,N20,0.47,VIIRS_NOAA20_SP,0.48,0,2
2025-07-06,1004,latakia,344.05,312.11,n,D,11.84,VIIRS,35.74942,35.9436,N20,0.47,VIIRS_NOAA20_SP,0.48,0,2
2025-07-06,1004,latakia,338.1,306.25,n,D,3.56,VIIRS,35.74965,35.992,N20,0.47,VIIRS_NOAA20_SP,0.48,0,2
2025-07-06,1004,latakia,344.77,306.72,n,D,17.39,VIIRS,35.81067,36.03397,N20,0.46,VIIRS_NOAA20_SP,0.47,0,2
2025-07-06,1004,latakia,349.18,313.36,n,D,13.2,VIIRS,35.81458,36.01065,N20,0.47,VIIRS_NOAA20_SP,0.47,0,2
2025-07-06,1004,latakia,348.31,310.6,n,D,68.53,VIIRS,35.82098,36.01901,N20,0.46,VIIRS_NOAA20_SP,0.47,0,2
2025-07-06,1004,latakia,367.0,305.97,h,D,68.53,VIIRS,35.82215,36.02431,N20,0.46,VIIRS_NOAA20_SP,0.47,0,2
2025-07-06,1004,latakia,345.46,308.01,n,D,11.77,VIIRS,35.82434,36.03423,N20,0.46,VIIRS_NOAA20_SP,0.47,0,2
2025-07-06,1004,latakia,320.71,322.68,l,D,68.53,VIIRS,35.82524,36.01775,N20,0.46,VIIRS_NOAA20_SP,0.47,0,2
2025-07-06,1004,latakia,342.74,309.25,n,D,4.35,VIIRS,35.82593,35.91766,N20,0.47,VIIRS_NOAA20_SP,0.48,0,2
2025-07-06,1004,latakia,348.15,309.44,n,D,11.77,VIIRS,35.82749,36.02791,N20,0.46,VIIRS_NOAA20_SP,0.47,0,2
2025-07-06,1004,latakia,342.75,310.5,n,D,11.77,VIIRS,35.82854,36.03267,N20,0.46,VIIRS_NOAA20_SP,0.47,0,2
2025-07-06,1004,latakia,334.31,306.29,l,D,7.62,VIIRS,35.83169,36.00581,N20,0.47,VIIRS_NOAA20_SP,0.47,0,2
2025-07-06,1004,latakia,351.73,309.44,n,D,11.91,VIIRS,35.83599,36.00469,N20,0.47,VIIRS_NOAA20_SP,0.47,0,2
2025-07-06,1004,latakia,342.05,303.93,n,D,12.45,VIIRS,35.83684,35.92574,N20,0.47,VIIRS_NOAA20_SP,0.48,0,2
2025-07-06,1004,latakia,340.75,302.6,n,D,12.45,VIIRS,35.8381,35.93147,N20,0.47,VIIRS_NOAA20_SP,0.48,0,2
2025-07-06,1004,latakia,338.54,308.46,n,D,6.8,VIIRS,35.84099,35.96542,N20,0.47,VIIRS_NOAA20_SP,0.48,0,2
2025-07-06,1004,latakia,335.7,303.97,n,D,12.45,VIIRS,35.84117,35.92469,N20,0.47,VIIRS_NOAA20_SP,0.48,0,2
2025-07-06,1004,latakia,311.23,318.19,l,D,38.28,VIIRS,35.8417,35.9479,N20,0.47,VIIRS_NOAA20_SP,0.48,0,2
2025-07-06,1004,latakia,344.0,312.35,n,D,11.43,VIIRS,35.84222,35.97102,N20,0.47,VIIRS_NOAA20_SP,0.48,0,2
2025-07-06,1004,latakia,352.81,311.5,n,D,12.45,VIIRS,35.84243,35.93045,N20,0.47,VIIRS_NOAA20_SP,0.48,0,2
2025-07-06,1004,latakia,341.7,306.31,n,D,38.28,VIIRS,35.84289,35.95329,N20,0.47,VIIRS_NOAA20_SP,0.48,0,2
2025-07-06,1004,latakia,353.86,314.99,n,D,43.68,VIIRS,35.84368,35.93616,N20,0.47,VIIRS_NOAA20_SP,0.48,0,2
2025-07-06,1004,latakia,367.0,305.94,h,D,38.28,VIIRS,35.84595,35.94649,N20,0.47,VIIRS_NOAA20_SP,0.48,0,2
2025-07-06,1004,latakia,341.18,303.32,n,D,3.83,VIIRS,35.84792,35.93467,N20,0.47,VIIRS_NOAA20_SP,0.48,0,2
2025-07-06,1004,latakia,367.0,339.54,h,D,156.45,VIIRS,35.8591,36.192,N20,0.45,VIIRS_NOAA20_SP,0.47,0,2
2025-07-06,1004,latakia,343.26,306.43,n,D,62.95,VIIRS,35.86011,36.19659,N20,0.45,VIIRS_NOAA20_SP,0.47,0,2
2025-07-06,1004,latakia,367.0,351.07,h,D,156.45,VIIRS,35.86333,36.1908,N20,0.45,VIIRS_NOAA20_SP,0.47,0,2
2025-07-06,1004,latakia,344.24,307.41,n,D,62.95,VIIRS,35.86434,36.1954,N20,0.45,VIIRS_NOAA20_SP,0.47,0,2
2025-07-06,2225,latakia,305.47,291.6,n,N,1.42,VIIRS,35.74121,35.93839,N20,0.63,VIIRS_NOAA20_SP,0.72,0,2
2025-07-06,2225,latakia,305.58,291.64,n,N,2.2,VIIRS,35.83001,36.00554,N20,0.62,VIIRS_NOAA20_SP,0.72,0,2
2025-07-06,2225,latakia,314.72,291.2,n,N,2.2,VIIRS,35.83017,36.00008,N20,0.63,VIIRS_NOAA20_SP,0.72,0,2
2025-07-06,2225,latakia,327.53,292.21,n,N,4.26,VIIRS,35.83249,36.00219,N20,0.62,VIIRS_NOAA20_SP,0.72,0,2
2025-07-06,2225,latakia,313.62,291.47,n,N,2.17,VIIRS,35.83643,36.01369,N20,0.62,VIIRS_NOAA20_SP,0.72,0,2
2025-07-06,2225,latakia,306.59,293.61,n,N,3.11,VIIRS,35.8521,35.93241,N20,0.63,VIIRS_NOAA20_SP,0.72,0,2
2025-07-06,2225,latakia,328.52,293.2,n,N,3.11,VIIRS,35.85233,35.92467,N20,0.63,VIIRS_NOAA20_SP,0.72,0,2
2025-07-07,5,latakia,332.65,291.84,n,N,2.51,VIIRS,35.7159,35.99429,N20,0.32,VIIRS_NOAA20_SP,0.55,0,2
2025-07-07,5,latakia,317.47,291.94,n,N,0.97,VIIRS,35.72085,35.99558,N20,0.32,VIIRS_NOAA20_SP,0.55,0,2
2025-07-07,5,latakia,311.55,292.73,n,N,1.59,VIIRS,35.74518,35.94004,N20,0.64,VIIRS_NOAA20_SP,0.54,0,2
2025-07-07,5,latakia,323.34,293.18,n,N,1.47,VIIRS,35.83079,36.00159,N20,0.32,VIIRS_NOAA20_SP,0.54,0,2
2025-07-07,5,latakia,303.89,292.61,n,N,0.97,VIIRS,35.83284,36.01453,N20,0.32,VIIRS_NOAA20_SP,0.55,0,2
2025-07-07,5,latakia,306.54,292.33,n,N,1.47,VIIRS,35.83465,36.00724,N20,0.32,VIIRS_NOAA20_SP,0.54,0,2
2025-07-07,5,latakia,334.83,295.04,n,N,5.55,VIIRS,35.83714,36.01842,N20,0.32,VIIRS_NOAA20_SP,0.55,0,2
2025-07-07,5,latakia,355.35,295.91,n,N,3.94,VIIRS,35.83793,36.01521,N20,0.32,VIIRS_NOAA20_SP,0.55,0,2
2025-07-07,5,latakia,332.13,295.63,n,N,6.76,VIIRS,35.83833,35.9291,N20,0.63,VIIRS_NOAA20_SP,0.54,0,2
2025-07-07,5,latakia,309.06,293.41,n,N,3.94,VIIRS,35.83872,36.01202,N20,0.32,VIIRS_NOAA20_SP,0.55,0,2
2025-07-07,5,latakia,305.29,291.62,n,N,0.63,VIIRS,35.83956,36.00867,N20,0.32,VIIRS_NOAA20_SP,0.54,0,2
2025-07-07,5,latakia,313.43,294.55,n,N,3.35,VIIRS,35.83986,35.92293,N20,0.63,VIIRS_NOAA20_SP,0.54,0,2
2025-07-07,5,latakia,306.98,291.76,n,N,0.63,VIIRS,35.84041,36.00524,N20,0.32,VIIRS_NOAA20_SP,0.54,0,2
2025-07-07,5,latakia,313.25,294.15,n,N,3.35,VIIRS,35.84488,35.92383,N20,0.63,VIIRS_NOAA20_SP,0.54,0,2
2025-07-07,5,latakia,322.54,296.19,n,N,5.63,VIIRS,35.84824,35.93135,N20,0.63,VIIRS_NOAA20_SP,0.54,0,2
2025-07-07,5,latakia,329.37,294.79,n,N,5.15,VIIRS,35.84977,35.92522,N20,0.63,VIIRS_NOAA20_SP,0.54,0,2
2025-07-07,945,latakia,346.66,304.37,n,D,11.21,VIIRS,35.71477,36.00371,N20,0.42,VIIRS_NOAA20_SP,0.61,0,2
2025-07-07,945,latakia,367.0,304.08,h,D,11.87,VIIRS,35.71581,35.98525,N20,0.42,VIIRS_NOAA20_SP,0.61,0,2
2025-07-07,945,latakia,336.88,303.05,n,D,10.62,VIIRS,35.71804,35.99362,N20,0.42,VIIRS_NOAA20_SP,0.61,0,2
2025-07-07,945,latakia,351.95,304.69,n,D,11.21,VIIRS,35.71921,35.99798,N20,0.42,VIIRS_NOAA20_SP,0.61,0,2
2025-07-07,945,latakia,367.0,304.08,h,D,11.21,VIIRS,35.72031,36.00211,N20,0.42,VIIRS_NOAA20_SP,0.61,0,2
2025-07-07,945,latakia,341.44,304.17,n,D,4.43,VIIRS,35.72235,35.98737,N20,0.42,VIIRS_NOAA20_SP,0.61,0,2
2025-07-07,945,latakia,337.09,301.75,n,D,4.43,VIIRS,35.72359,35.99202,N20,0.42,VIIRS_NOAA20_SP,0.61,0,2
2025-07-07,945,latakia,343.38,305.46,n,D,6.58,VIIRS,35.72666,35.98111,N20,0.42,VIIRS_NOAA20_SP,0.61,0,2
2025-07-07,945,latakia,346.58,306.66,n,D,4.43,VIIRS,35.72773,35.98514,N20,0.42,VIIRS_NOAA20_SP,0.61,0,2
2025-07-07,945,latakia,367.0,306.46,h,D,9.8,VIIRS,35.7397,35.94025,N20,0.43,VIIRS_NOAA20_SP,0.62,0,2
2025-07-07,945,latakia,337.0,304.83,n,D,3.19,VIIRS,35.81247,36.03543,N20,0.42,VIIRS_NOAA20_SP,0.61,0,2
2025-07-07,945,latakia,346.33,305.49,n,D,4.45,VIIRS,35.82033,36.00286,N20,0.42,VIIRS_NOAA20_SP,0.61,0,2
2025-07-07,945,latakia,353.06,303.84,n,D,12.08,VIIRS,35.83011,36.01713,N20,0.42,VIIRS_NOAA20_SP,0.61,0,2
2025-07-07,945,latakia,351.87,310.24,n,D,12.08,VIIRS,35.8359,36.01657,N20,0.42,VIIRS_NOAA20_SP,0.61,0,2
2025-07-07,945,latakia,367.0,303.41,h,D,12.08,VIIRS,35.83722,36.02153,N20,0.42,VIIRS_NOAA20_SP,0.61,0,2
2025-07-07,945,latakia,331.44,301.02,n,D,2.73,VIIRS,35.84013,36.01011,N20,0.42,VIIRS_NOAA20_SP,0.61,0,2
2025-07-07,945,latakia,336.31,300.33,n,D,2.66,VIIRS,35.8415,36.01527,N20,0.42,VIIRS_NOAA20_SP,0.61,0,2
2025-07-07,945,latakia,367.0,303.47,h,D,9.52,VIIRS,35.84153,35.92577,N20,0.42,VIIRS_NOAA20_SP,0.61,0,2
2025-07-07,945,latakia,331.59,302.15,n,D,2.66,VIIRS,35.84283,36.02024,N20,0.42,VIIRS_NOAA20_SP,0.61,0,2
2025-07-07,945,latakia,354.05,303.39,n,D,9.52,VIIRS,35.84711,35.92429,N20,0.42,VIIRS_NOAA20_SP,0.61,0,2
2025-07-07,1125,latakia,340.4,302.59,n,D,3.68,VIIRS,35.60877,36.03832,N20,0.47,VIIRS_NOAA20_SP,0.64,0,2
2025-07-07,1126,latakia,339.39,304.23,n,D,6.97,VIIRS,35.71141,35.99662,N20,0.47,VIIRS_NOAA20_SP,0.64,0,2
2025-07-07,1126,latakia,334.03,305.78,l,D,3.36,VIIRS,35.71727,35.99522,N20,0.47,VIIRS_NOAA20_SP,0.64,0,2
2025-07-07,1126,latakia,343.61,302.92,n,D,3.36,VIIRS,35.71756,36.001,N20,0.47,VIIRS_NOAA20_SP,0.64,0,2
2025-07-07,1126,latakia,331.05,302.27,l,D,3.36,VIIRS,35.72342,35.9995,N20,0.47,VIIRS_NOAA20_SP,0.64,0,2
2025-07-07,1126,latakia,331.51,303.34,l,D,4.98,VIIRS,35.72829,35.97749,N20,0.46,VIIRS_NOAA20_SP,0.64,0,2
2025-07-07,1126,latakia,330.39,303.04,l,D,3.42,VIIRS,35.72858,35.98338,N20,0.46,VIIRS_NOAA20_SP,0.64,0,2
2025-07-07,1126,latakia,367.0,304.43,h,D,17.07,VIIRS,35.73656,35.9402,N20,0.46,VIIRS_NOAA20_SP,0.64,0,2
2025-07-07,1126,latakia,350.16,304.15,n,D,10.01,VIIRS,35.73812,35.93676,N20,0.46,VIIRS_NOAA20_SP,0.64,0,2
2025-07-07,1126,latakia,367.0,303.47,h,D,14.56,VIIRS,35.73836,35.9415,N20,0.46,VIIRS_NOAA20_SP,0.64,0,2
2025-07-07,1126,latakia,367.0,307.2,h,D,17.07,VIIRS,35.74246,35.93979,N20,0.46,VIIRS_NOAA20_SP,0.64,0,2
2025-07-07,1126,latakia,332.4,304.37,n,D,14.0,VIIRS,35.74269,35.94496,N20,0.46,VIIRS_NOAA20_SP,0.64,0,2
2025-07-07,1126,latakia,331.97,302.48,n,D,10.01,VIIRS,35.744,35.93585,N20,0.46,VIIRS_NOAA20_SP,0.64,0,2
2025-07-07,1126,latakia,367.0,306.12,h,D,14.56,VIIRS,35.74427,35.94117,N20,0.46,VIIRS_NOAA20_SP,0.64,0,2
2025-07-07,1126,latakia,350.22,302.92,n,D,7.05,VIIRS,35.8348,36.01126,N20,0.47,VIIRS_NOAA20_SP,0.64,0,2
2025-07-07,1126,latakia,350.07,306.25,n,D,5.66,VIIRS,35.83527,36.02103,N20,0.47,VIIRS_NOAA20_SP,0.64,0,2
2025-07-07,1126,latakia,340.99,303.66,n,D,4.99,VIIRS,35.83653,36.04698,N20,0.47,VIIRS_NOAA20_SP,0.64,0,2
2025-07-07,1126,latakia,356.27,303.63,n,D,15.37,VIIRS,35.84043,35.92374,N20,0.46,VIIRS_NOAA20_SP,0.64,0,2
2025-07-07,1126,latakia,331.57,300.43,n,D,5.66,VIIRS,35.84092,36.01467,N20,0.47,VIIRS_NOAA20_SP,0.64,0,2
2025-07-07,1126,latakia,334.95,302.21,n,D,5.66,VIIRS,35.84114,36.01937,N20,0.47,VIIRS_NOAA20_SP,0.64,0,2
2025-07-07,1126,latakia,341.31,302.23,n,D,15.19,VIIRS,35.84227,35.92135,N20,0.46,VIIRS_NOAA20_SP,0.64,0,2
2025-07-07,1126,latakia,367.0,304.31,h,D,14.57,VIIRS,35.84248,35.92569,N20,0.46,VIIRS_NOAA20_SP,0.64,0,2
2025-07-07,1126,latakia,353.09,303.61,n,D,15.37,VIIRS,35.84629,35.92237,N20,0.46,VIIRS_NOAA20_SP,0.64,0,2
2025-07-07,1126,latakia,345.7,301.68,n,D,22.94,VIIRS,35.84649,35.92681,N20,0.46,VIIRS_NOAA20_SP,0.64,0,2
2025-07-07,1126,latakia,367.0,303.45,h,D,14.57,VIIRS,35.84835,35.92469,N20,0.46,VIIRS_NOAA20_SP,0.64,0,2
2025-07-07,2346,latakia,311.47,294.59,n,N,2.1,VIIRS,35.73696,35.93588,N20,0.54,VIIRS_NOAA20_SP,0.42,0,2
2025-07-07,2346,latakia,324.24,295.48,n,N,2.1,VIIRS,35.74076,35.93693,N20,0.54,VIIRS_NOAA20_SP,0.42,0,2
2025-07-07,2346,latakia,309.84,294.35,n,N,2.1,VIIRS,35.74197,35.93103,N20,0.54,VIIRS_NOAA20_SP,0.42,0,2
2025-07-07,2346,latakia,330.75,294.91,n,N,4.26,VIIRS,35.74457,35.93797,N20,0.54,VIIRS_NOAA20_SP,0.42,0,2
2025-07-07,2346,latakia,326.97,294.79,n,N,4.26,VIIRS,35.74578,35.93209,N20,0.54,VIIRS_NOAA20_SP,0.42,0,2
2025-07-07,2346,latakia,305.63,293.14,n,N,1.71,VIIRS,35.74717,35.94493,N20,0.54,VIIRS_NOAA20_SP,0.42,0,2
2025-07-07,2346,latakia,334.71,296.38,n,N,4.26,VIIRS,35.74838,35.93901,N20,0.54,VIIRS_NOAA20_SP,0.42,0,2
2025-07-07,2346,latakia,304.39,292.84,n,N,1.11,VIIRS,35.83692,36.02588,N20,0.54,VIIRS_NOAA20_SP,0.42,0,2
2025-07-07,2346,latakia,311.63,293.46,n,N,1.98,VIIRS,35.84056,36.00816,N20,0.54,VIIRS_NOAA20_SP,0.42,0,2
2025-07-07,2346,latakia,309.26,292.97,n,N,5.52,VIIRS,35.84206,36.0205,N20,0.54,VIIRS_NOAA20_SP,0.42,0,2
2025-07-07,2346,latakia,345.24,296.65,n,N,5.52,VIIRS,35.84324,36.01478,N20,0.54,VIIRS_NOAA20_SP,0.42,0,2
2025-07-07,2346,latakia,316.85,293.96,n,N,1.98,VIIRS,35.84438,36.00919,N20,0.54,VIIRS_NOAA20_SP,0.42,0,2
2025-07-07,2346,latakia,311.02,293.24,n,N,2.14,VIIRS,35.84451,36.02819,N20,0.54,VIIRS_NOAA20_SP,0.42,0,2
2025-07-07,2346,latakia,319.66,292.15,n,N,5.31,VIIRS,35.84587,36.02155,N20,0.54,VIIRS_NOAA20_SP,0.42,0,2
2025-07-07,2346,latakia,319.91,296.01,n,N,4.14,VIIRS,35.84673,35.9194,N20,0.54,VIIRS_NOAA20_SP,0.42,0,2
2025-07-07,2346,latakia,312.96,297.47,n,N,1.93,VIIRS,35.84783,35.91405,N20,0.54,VIIRS_NOAA20_SP,0.42,0,2
2025-07-07,2346,latakia,309.69,296.32,n,N,1.93,VIIRS,35.84892,35.90874,N20,0.53,VIIRS_NOAA20_SP,0.42,0,2
2025-07-07,2346,latakia,331.67,295.77,n,N,5.31,VIIRS,35.84966,36.02273,N20,0.54,VIIRS_NOAA20_SP,0.42,0,2
2025-07-07,2346,latakia,330.15,295.21,n,N,11.08,VIIRS,35.85054,35.92039,N20,0.54,VIIRS_NOAA20_SP,0.42,0,2
2025-07-07,2346,latakia,312.5,290.86,n,N,5.31,VIIRS,35.85089,36.01669,N20,0.54,VIIRS_NOAA20_SP,0.42,0,2
2025-07-07,2346,latakia,325.85,297.23,n,N,35.48,VIIRS,35.85163,35.91504,N20,0.54,VIIRS_NOAA20_SP,0.42,0,2
2025-07-07,2346,latakia,349.69,306.65,n,N,35.48,VIIRS,35.85268,35.90994,N20,0.53,VIIRS_NOAA20_SP,0.42,0,2
2025-07-07,2346,latakia,305.38,293.36,n,N,11.08,VIIRS,35.85317,35.92711,N20,0.54,VIIRS_NOAA20_SP,0.42,0,2
2025-07-07,2346,latakia,329.67,294.23,n,N,6.15,VIIRS,35.85345,36.0239,N20,0.54,VIIRS_NOAA20_SP,0.42,0,2
2025-07-07,2346,latakia,330.64,295.79,n,N,24.99,VIIRS,35.85376,35.90464,N20,0.53,VIIRS_NOAA20_SP,0.42,0,2
2025-07-07,2346,latakia,346.79,301.81,n,N,11.08,VIIRS,35.85432,35.92152,N20,0.54,VIIRS_NOAA20_SP,0.42,0,2
2025-07-07,2346,latakia,337.98,298.81,n,N,35.48,VIIRS,35.85541,35.91615,N20,0.54,VIIRS_NOAA20_SP,0.42,0,2
2025-07-07,2346,latakia,334.98,317.85,n,N,35.48,VIIRS,35.85646,35.91103,N20,0.53,VIIRS_NOAA20_SP,0.42,0,2
2025-07-07,2346,latakia,336.6,298.29,n,N,24.99,VIIRS,35.85754,35.90576,N20,0.53,VIIRS_NOAA20_SP,0.42,0,2
2025-07-07,2346,latakia,324.14,296.69,n,N,5.36,VIIRS,35.85802,35.92302,N20,0.54,VIIRS_NOAA20_SP,0.42,0,2
2025-07-07,2346,latakia,339.92,300.43,n,N,30.19,VIIRS,35.85909,35.91777,N20,0.54,VIIRS_NOAA20_SP,0.42,0,2
2025-07-07,2346,latakia,350.95,305.1,n,N,30.19,VIIRS,35.86021,35.9123,N20,0.53,VIIRS_NOAA20_SP,0.42,0,2
2025-07-07,2346,latakia,313.22,296.11,n,N,3.77,VIIRS,35.86131,35.90691,N20,0.53,VIIRS_NOAA20_SP,0.42,0,2
2025-07-07,2346,latakia,355.19,303.59,n,N,30.19,VIIRS,35.8628,35.91924,N20,0.54,VIIRS_NOAA20_SP,0.42,0,2
2025-07-07,2346,latakia,346.04,302.3,n,N,30.19,VIIRS,35.86394,35.91363,N20,0.53,VIIRS_NOAA20_SP,0.42,0,2
2025-07-07,2346,latakia,332.77,298.18,n,N,9.43,VIIRS,35.86654,35.92056,N20,0.54,VIIRS_NOAA20_SP,0.42,0,2
2025-07-07,2346,latakia,332.19,296.37,n,N,9.43,VIIRS,35.86766,35.91506,N20,0.53,VIIRS_NOAA20_SP,0.42,0,2
2025-07-08,926,latakia,335.61,304.74,n,D,5.17,VIIRS,35.70342,36.24302,N20,0.74,VIIRS_NOAA20_SP,0.76,0,2
2025-07-08,926,latakia,352.34,299.37,n,D,11.3,VIIRS,35.74302,35.9381,N20,0.76,VIIRS_NOAA20_SP,0.77,0,2
2025-07-08,926,latakia,332.49,299.12,n,D,8.94,VIIRS,35.83956,36.02987,N20,0.75,VIIRS_NOAA20_SP,0.77,0,2
2025-07-08,926,latakia,331.73,299.41,n,D,5.27,VIIRS,35.83963,36.02803,N20,0.75,VIIRS_NOAA20_SP,0.77,0,2
2025-07-08,926,latakia,333.69,297.93,n,D,5.27,VIIRS,35.84155,36.03418,N20,0.75,VIIRS_NOAA20_SP,0.77,0,2
2025-07-08,926,latakia,337.35,302.84,n,D,8.94,VIIRS,35.84488,36.02267,N20,0.75,VIIRS_NOAA20_SP,0.77,0,2
2025-07-08,926,latakia,351.42,299.12,n,D,8.94,VIIRS,35.84673,36.02851,N20,0.75,VIIRS_NOAA20_SP,0.77,0,2
2025-07-08,926,latakia,356.25,301.0,n,D,16.47,VIIRS,35.84677,36.02665,N20,0.75,VIIRS_NOAA20_SP,0.77,0,2
2025-07-08,926,latakia,334.28,293.2,n,D,12.97,VIIRS,35.85307,35.90398,N20,0.76,VIIRS_NOAA20_SP,0.77,0,2
2025-07-08,926,latakia,330.84,296.25,n,D,16.87,VIIRS,35.85358,35.9298,N20,0.75,VIIRS_NOAA20_SP,0.77,0,2
2025-07-08,926,latakia,341.28,294.03,n,D,16.87,VIIRS,35.85678,35.91578,N20,0.76,VIIRS_NOAA20_SP,0.77,0,2
2025-07-08,926,latakia,344.17,295.86,n,D,16.87,VIIRS,35.85941,35.92412,N20,0.75,VIIRS_NOAA20_SP,0.77,0,2
2025-07-08,926,latakia,350.18,300.3,n,D,41.64,VIIRS,35.86192,35.93209,N20,0.75,VIIRS_NOAA20_SP,0.77,0,2
2025-07-08,926,latakia,339.15,295.95,n,D,41.64,VIIRS,35.86454,35.94043,N20,0.75,VIIRS_NOAA20_SP,0.77,0,2
2025-07-08,926,latakia,340.9,294.58,n,D,31.91,VIIRS,35.86502,35.91774,N20,0.75,VIIRS_NOAA20_SP,0.77,0,2
2025-07-08,926,latakia,349.54,298.22,n,D,44.88,VIIRS,35.86797,35.92712,N20,0.75,VIIRS_NOAA20_SP,0.77,0,2
2025-07-08,926,latakia,367.0,295.68,h,D,44.88,VIIRS,35.87075,35.93596,N20,0.75,VIIRS_NOAA20_SP,0.77,0,2
2025-07-08,1107,latakia,342.45,307.2,n,D,12.11,VIIRS,35.74609,35.93862,N20,0.5,VIIRS_NOAA20_SP,0.49,0,2
2025-07-08,1107,latakia,337.72,304.14,n,D,9.87,VIIRS,35.74658,35.94433,N20,0.5,VIIRS_NOAA20_SP,0.49,0,2
2025-07-08,1107,latakia,341.16,302.88,n,D,4.87,VIIRS,35.84192,36.02868,N20,0.5,VIIRS_NOAA20_SP,0.49,0,2
2025-07-08,1107,latakia,342.41,306.66,n,D,4.87,VIIRS,35.84586,36.02094,N20,0.5,VIIRS_NOAA20_SP,0.49,0,2
2025-07-08,1107,latakia,331.17,302.06,l,D,4.87,VIIRS,35.84641,36.02754,N20,0.5,VIIRS_NOAA20_SP,0.49,0,2
2025-07-08,1107,latakia,353.43,309.55,n,D,25.35,VIIRS,35.85089,36.02636,N20,0.5,VIIRS_NOAA20_SP,0.49,0,2
2025-07-08,1107,latakia,335.73,303.17,n,D,10.28,VIIRS,35.85171,35.92758,N20,0.5,VIIRS_NOAA20_SP,0.49,0,2
2025-07-08,1107,latakia,351.79,302.73,n,D,25.35,VIIRS,35.85543,36.02576,N20,0.5,VIIRS_NOAA20_SP,0.49,0,2
2025-07-08,1107,latakia,346.49,304.08,n,D,10.28,VIIRS,35.85626,35.92745,N20,0.5,VIIRS_NOAA20_SP,0.49,0,2
2025-07-08,1107,latakia,317.05,318.83,l,D,104.93,VIIRS,35.85673,35.93293,N20,0.5,VIIRS_NOAA20_SP,0.49,0,2
2025-07-08,1107,latakia,349.51,300.87,n,D,104.93,VIIRS,35.8572,35.93843,N20,0.5,VIIRS_NOAA20_SP,0.49,0,2
2025-07-08,1107,latakia,332.84,304.0,l,D,3.2,VIIRS,35.85909,35.90714,N20,0.5,VIIRS_NOAA20_SP,0.49,0,2
2025-07-08,1107,latakia,350.85,303.78,n,D,28.45,VIIRS,35.86039,35.92236,N20,0.5,VIIRS_NOAA20_SP,0.49,0,2
2025-07-08,1107,latakia,351.67,307.37,n,D,28.45,VIIRS,35.86084,35.92765,N20,0.5,VIIRS_NOAA20_SP,0.49,0,2
2025-07-08,1107,latakia,318.26,321.1,l,D,271.88,VIIRS,35.8613,35.933,N20,0.5,VIIRS_NOAA20_SP,0.49,0,2
2025-07-08,1107,latakia,350.56,297.97,n,D,15.99,VIIRS,35.8622,35.94357,N20,0.5,VIIRS_NOAA20_SP,0.49,0,2
2025-07-08,1107,latakia,353.17,294.25,n,D,15.99,VIIRS,35.86264,35.9487,N20,0.5,VIIRS_NOAA20_SP,0.49,0,2
2025-07-08,1107,latakia,340.84,302.18,n,D,3.2,VIIRS,35.86362,35.90693,N20,0.5,VIIRS_NOAA20_SP,0.49,0,2
2025-07-08,1107,latakia,351.91,309.23,n,D,28.45,VIIRS,35.86496,35.9225,N20,0.5,VIIRS_NOAA20_SP,0.49,0,2
2025-07-08,1107,latakia,367.0,307.92,h,D,28.45,VIIRS,35.86539,35.92757,N20,0.5,VIIRS_NOAA20_SP,0.49,0,2
2025-07-08,1107,latakia,346.61,317.06,n,D,271.88,VIIRS,35.86584,35.9328,N20,0.5,VIIRS_NOAA20_SP,0.49,0,2
2025-07-08,1107,latakia,351.0,297.94,n,D,15.99,VIIRS,35.86675,35.94342,N20,0.5,VIIRS_NOAA20_SP,0.49,0,2
2025-07-08,1107,latakia,349.59,294.75,n,D,15.99,VIIRS,35.8672,35.94868,N20,0.5,VIIRS_NOAA20_SP,0.49,0,2
2025-07-08,1107,latakia,352.33,301.59,n,D,12.85,VIIRS,35.86993,35.9273,N20,0.5,VIIRS_NOAA20_SP,0.49,0,2
2025-07-08,1107,latakia,341.13,296.68,n,D,28.18,VIIRS,35.8713,35.9432,N20,0.5,VIIRS_NOAA20_SP,0.49,0,2
2025-07-08,2328,latakia,327.6,295.04,n,N,2.56,VIIRS,35.8571,35.92875,N20,0.39,VIIRS_NOAA20_SP,0.36,0,2
2025-07-08,2328,latakia,316.06,293.8,n,N,1.34,VIIRS,35.85762,35.94641,N20,0.39,VIIRS_NOAA20_SP,0.36,0,2
2025-07-08,2328,latakia,306.71,292.29,n,N,1.34,VIIRS,35.85831,35.9422,N20,0.39,VIIRS_NOAA20_SP,0.36,0,2
2025-07-08,2328,latakia,313.25,292.9,n,N,1.01,VIIRS,35.8609,35.94721,N20,0.39,VIIRS_NOAA20_SP,0.36,0,2
2025-07-08,2328,latakia,307.06,292.85,n,N,2.21,VIIRS,35.87019,35.93204,N20,0.39,VIIRS_NOAA20_SP,0.36,0,2
2025-07-08,2328,latakia,334.51,293.95,n,N,2.21,VIIRS,35.87087,35.92784,N20,0.39,VIIRS_NOAA20_SP,0.36,0,2
2025-07-09,1048,latakia,339.59,306.46,n,D,6.19,VIIRS,35.45264,35.88734,N20,0.44,VIIRS_NOAA20_SP,0.38,0,2
2025-07-09,1048,latakia,346.98,307.98,n,D,12.06,VIIRS,35.84107,36.0307,N20,0.45,VIIRS_NOAA20_SP,0.39,0,2
2025-07-09,1048,latakia,346.04,311.35,n,D,20.46,VIIRS,35.84627,36.01393,N20,0.45,VIIRS_NOAA20_SP,0.39,0,2
2025-07-09,1048,latakia,346.82,314.55,n,D,20.46,VIIRS,35.84686,36.01871,N20,0.45,VIIRS_NOAA20_SP,0.39,0,2
2025-07-09,1048,latakia,339.08,312.52,l,D,20.46,VIIRS,35.8498,36.01314,N20,0.45,VIIRS_NOAA20_SP,0.39,0,2
2025-07-09,1048,latakia,342.25,314.9,n,D,20.46,VIIRS,35.85039,36.01802,N20,0.45,VIIRS_NOAA20_SP,0.39,0,2
2025-07-09,1048,latakia,343.23,315.34,n,D,63.8,VIIRS,35.85207,35.94362,N20,0.44,VIIRS_NOAA20_SP,0.39,0,2
2025-07-09,1048,latakia,367.0,331.6,h,D,63.8,VIIRS,35.85268,35.94855,N20,0.44,VIIRS_NOAA20_SP,0.39,0,2
2025-07-09,1048,latakia,349.89,313.8,n,D,63.8,VIIRS,35.85622,35.94798,N20,0.44,VIIRS_NOAA20_SP,0.39,0,2
2025-07-09,1048,latakia,351.2,305.52,n,D,82.31,VIIRS,35.85682,35.95277,N20,0.44,VIIRS_NOAA20_SP,0.39,0,2
2025-07-09,1048,latakia,367.0,354.37,h,D,383.64,VIIRS,35.86034,35.95202,N20,0.44,VIIRS_NOAA20_SP,0.39,0,2
2025-07-09,1048,latakia,338.5,309.12,l,D,5.2,VIIRS,35.86801,35.92645,N20,0.44,VIIRS_NOAA20_SP,0.39,0,2
2025-07-09,1048,latakia,346.05,313.48,n,D,24.49,VIIRS,35.8698,35.94087,N20,0.44,VIIRS_NOAA20_SP,0.39,0,2
2025-07-09,1048,latakia,354.14,311.26,n,D,24.49,VIIRS,35.8704,35.94568,N20,0.44,VIIRS_NOAA20_SP,0.39,0,2
2025-07-09,1048,latakia,342.84,306.48,n,D,5.05,VIIRS,35.87155,35.92588,N20,0.44,VIIRS_NOAA20_SP,0.39,0,2
2025-07-09,1048,latakia,342.41,307.21,n,D,7.06,VIIRS,35.87274,35.93541,N20,0.44,VIIRS_NOAA20_SP,0.39,0,2
2025-07-09,1048,latakia,338.66,306.45,n,D,6.05,VIIRS,35.87334,35.94025,N20,0.44,VIIRS_NOAA20_SP,0.39,0,2
2025-07-09,2309,latakia,341.14,295.09,n,N,6.74,VIIRS,35.85318,35.96092,N20,0.47,VIIRS_NOAA20_SP,0.4,0,2
2025-07-09,2309,latakia,338.98,294.54,n,N,6.74,VIIRS,35.85387,35.95538,N20,0.47,VIIRS_NOAA20_SP,0.4,0,2
2025-07-09,2309,latakia,311.17,292.83,n,N,2.34,VIIRS,35.85544,35.97264,N20,0.47,VIIRS_NOAA20_SP,0.4,0,2
2025-07-09,2309,latakia,322.93,293.64,n,N,2.34,VIIRS,35.85613,35.96709,N20,0.47,VIIRS_NOAA20_SP,0.4,0,2
2025-07-09,2309,latakia,320.85,293.16,n,N,1.7,VIIRS,35.85682,35.96156,N20,0.47,VIIRS_NOAA20_SP,0.4,0,2
2025-07-09,2309,latakia,307.17,293.12,n,N,1.7,VIIRS,35.85749,35.95618,N20,0.47,VIIRS_NOAA20_SP,0.4,0,2
2025-07-09,2309,latakia,316.77,292.23,n,N,2.34,VIIRS,35.85977,35.96772,N20,0.47,VIIRS_NOAA20_SP,0.4,0,2
2025-07-09,2309,latakia,306.44,291.52,n,N,1.7,VIIRS,35.86044,35.96228,N20,0.47,VIIRS_NOAA20_SP,0.4,0,2
2025-07-09,2309,latakia,307.68,291.26,n,N,1.22,VIIRS,35.86341,35.96828,N20,0.47,VIIRS_NOAA20_SP,0.4,0,2
2025-07-09,2309,latakia,303.04,291.85,n,N,1.77,VIIRS,35.86408,35.96288,N20,0.47,VIIRS_NOAA20_SP,0.4,0,2
2025-07-10,1029,latakia,337.31,311.2,l,D,4.13,VIIRS,35.74333,35.93266,N20,0.39,VIIRS_NOAA20_SP,0.37,0,2
2025-07-10,1029,latakia,346.49,306.69,n,D,9.7,VIIRS,35.84566,35.95367,N20,0.39,VIIRS_NOAA20_SP,0.36,0,2
2025-07-10,1029,latakia,341.8,303.89,l,D,5.12,VIIRS,35.84757,36.00706,N20,0.39,VIIRS_NOAA20_SP,0.36,0,2
2025-07-10,1029,latakia,349.77,306.41,l,D,7.62,VIIRS,35.84967,35.9571,N20,0.39,VIIRS_NOAA20_SP,0.36,0,2
2025-07-10,1029,latakia,355.89,308.9,l,D,121.8,VIIRS,35.85039,35.96144,N20,0.39,VIIRS_NOAA20_SP,0.36,0,2
2025-07-10,1029,latakia,344.7,306.72,n,D,7.62,VIIRS,35.85296,35.95618,N20,0.39,VIIRS_NOAA20_SP,0.36,0,2
2025-07-10,1029,latakia,353.74,304.66,l,D,51.12,VIIRS,35.85585,35.97367,N20,0.39,VIIRS_NOAA20_SP,0.36,0,2
2025-07-10,1029,latakia,367.0,361.29,l,D,312.69,VIIRS,35.87019,35.95623,N20,0.39,VIIRS_NOAA20_SP,0.36,0,2
2025-07-10,1029,latakia,353.01,310.76,n,D,79.66,VIIRS,35.87278,35.95105,N20,0.39,VIIRS_NOAA20_SP,0.36,0,2
2025-07-10,1029,latakia,367.0,343.41,h,D,312.69,VIIRS,35.8735,35.95541,N20,0.39,VIIRS_NOAA20_SP,0.36,0,2
2025-07-10,1029,latakia,350.01,306.67,n,D,15.0,VIIRS,35.87681,35.95464,N20,0.39,VIIRS_NOAA20_SP,0.36,0,2
2025-07-10,2250,latakia,324.94,300.23,n,N,7.44,VIIRS,35.39721,36.2448,N20,0.52,VIIRS_NOAA20_SP,0.5,0,2
2025-07-10,2250,latakia,306.53,293.3,n,N,1.0,VIIRS,35.85157,35.96952,N20,0.55,VIIRS_NOAA20_SP,0.51,0,2
2025-07-10,2250,latakia,303.48,293.3,n,N,1.53,VIIRS,35.85764,35.97704,N20,0.55,VIIRS_NOAA20_SP,0.51,0,2
2025-07-10,2250,latakia,321.37,294.51,n,N,4.17,VIIRS,35.86043,35.9769,N20,0.55,VIIRS_NOAA20_SP,0.51,0,2
2025-07-10,2250,latakia,307.2,293.43,n,N,1.53,VIIRS,35.86185,35.98372,N20,0.55,VIIRS_NOAA20_SP,0.51,0,2
2025-07-10,2250,latakia,320.65,293.84,n,N,1.53,VIIRS,35.86235,35.97742,N20,0.55,VIIRS_NOAA20_SP,0.51,0,2
2025-07-10,2250,latakia,308.15,293.57,n,N,2.51,VIIRS,35.8646,35.98356,N20,0.55,VIIRS_NOAA20_SP,0.51,0,2
2025-07-10,2250,latakia,305.0,294.41,n,N,1.64,VIIRS,35.87746,35.94429,N20,0.55,VIIRS_NOAA20_SP,0.51,0,2
2025-07-10,2250,latakia,304.8,294.58,n,N,1.44,VIIRS,35.87913,35.945,N20,0.55,VIIRS_NOAA20_SP,0.51,0,2
2025-07-11,30,latakia,308.3,290.35,n,N,2.34,VIIRS,35.85641,35.98097,N20,0.7,VIIRS_NOAA20_SP,0.75,0,2
2025-07-11,1010,latakia,348.51,310.2,n,D,5.39,VIIRS,35.6489,36.06383,N20,0.39,VIIRS_NOAA20_SP,0.44,0,2
2025-07-11,1010,latakia,367.0,337.18,h,D,40.55,VIIRS,35.84566,35.96717,N20,0.39,VIIRS_NOAA20_SP,0.44,0,2
2025-07-11,1010,latakia,342.19,307.3,n,D,40.55,VIIRS,35.84658,35.97162,N20,0.39,VIIRS_NOAA20_SP,0.44,0,2
2025-07-11,1010,latakia,342.09,306.43,n,D,27.8,VIIRS,35.84856,35.96098,N20,0.39,VIIRS_NOAA20_SP,0.44,0,2
2025-07-11,1010,latakia,351.35,309.65,n,D,18.49,VIIRS,35.84945,36.00573,N20,0.38,VIIRS_NOAA20_SP,0.44,0,2
2025-07-11,1010,latakia,343.91,304.82,n,D,40.55,VIIRS,35.84947,35.96545,N20,0.39,VIIRS_NOAA20_SP,0.44,0,2
2025-07-11,1010,latakia,342.25,309.02,n,D,64.09,VIIRS,35.8513,36.01472,N20,0.38,VIIRS_NOAA20_SP,0.44,0,2
2025-07-11,1010,latakia,356.24,307.97,n,D,10.26,VIIRS,35.85433,36.00927,N20,0.38,VIIRS_NOAA20_SP,0.44,0,2
2025-07-11,1010,latakia,352.22,317.72,n,D,20.04,VIIRS,35.86164,35.98421,N20,0.39,VIIRS_NOAA20_SP,0.44,0,2
2025-07-11,1010,latakia,345.4,316.08,l,D,39.74,VIIRS,35.86249,35.98833,N20,0.39,VIIRS_NOAA20_SP,0.44,0,2
2025-07-11,1010,latakia,334.79,308.62,l,D,2.83,VIIRS,35.87413,35.98433,N20,0.39,VIIRS_NOAA20_SP,0.44,0,2
2025-07-11,1010,latakia,339.91,313.78,l,D,16.17,VIIRS,35.87943,35.96954,N20,0.39,VIIRS_NOAA20_SP,0.44,0,2
2025-07-11,1010,latakia,341.66,306.41,n,D,3.08,VIIRS,35.88052,35.95446,N20,0.39,VIIRS_NOAA20_SP,0.44,0,2
2025-07-11,1010,latakia,333.7,306.14,l,D,49.98,VIIRS,35.88433,35.97327,N20,0.39,VIIRS_NOAA20_SP,0.44,0,2
2025-07-11,2231,latakia,316.71,295.04,n,N,2.95,VIIRS,35.86308,36.01924,N20,0.51,VIIRS_NOAA20_SP,0.66,0,2
2025-07-11,2231,latakia,315.58,294.65,n,N,2.83,VIIRS,35.86995,36.00277,N20,0.51,VIIRS_NOAA20_SP,0.66,0,2
2025-07-11,2231,latakia,318.63,294.57,n,N,1.48,VIIRS,35.87018,35.99989,N20,0.51,VIIRS_NOAA20_SP,0.66,0,2
2025-07-11,2231,latakia,304.12,293.43,n,N,1.81,VIIRS,35.87022,35.99683,N20,0.51,VIIRS_NOAA20_SP,0.66,0,2
2025-07-11,2231,latakia,309.85,293.6,n,N,1.48,VIIRS,35.87041,35.99386,N20,0.51,VIIRS_NOAA20_SP,0.66,0,2
2025-07-11,2231,latakia,307.66,292.75,n,N,1.81,VIIRS,35.87049,35.99075,N20,0.51,VIIRS_NOAA20_SP,0.66,0,2
2025-07-11,2231,latakia,303.9,293.27,n,N,1.48,VIIRS,35.87633,35.99962,N20,0.51,VIIRS_NOAA20_SP,0.66,0,2
2025-07-11,2231,latakia,305.33,292.63,n,N,1.81,VIIRS,35.87663,35.99093,N20,0.51,VIIRS_NOAA20_SP,0.66,0,2
2025-07-11,2231,latakia,302.83,292.72,n,N,1.47,VIIRS,35.87677,35.98835,N20,0.51,VIIRS_NOAA20_SP,0.66,0,2
2025-07-11,2231,latakia,312.33,294.73,n,N,1.56,VIIRS,35.87856,35.94244,N20,0.51,VIIRS_NOAA20_SP,0.66,0,2
2025-07-11,2231,latakia,308.12,294.58,n,N,2.09,VIIRS,35.87867,35.94567,N20,0.51,VIIRS_NOAA20_SP,0.66,0,2
2025-07-11,2231,latakia,323.92,294.42,n,N,8.15,VIIRS,35.8884,36.00191,N20,0.51,VIIRS_NOAA20_SP,0.66,0,2
2025-07-11,2231,latakia,351.93,296.97,n,N,6.77,VIIRS,35.88862,35.9992,N20,0.51,VIIRS_NOAA20_SP,0.66,0,2
2025-07-11,2231,latakia,348.69,294.87,n,N,9.73,VIIRS,35.88866,35.99632,N20,0.51,VIIRS_NOAA20_SP,0.66,0,2
2025-07-11,2231,latakia,320.43,294.01,n,N,6.77,VIIRS,35.88883,35.9939,N20,0.51,VIIRS_NOAA20_SP,0.66,0,2
2025-07-12,12,latakia,331.6,294.57,n,N,4.84,VIIRS,35.84458,35.96875,N20,0.39,VIIRS_NOAA20_SP,0.59,0,2
2025-07-12,12,latakia,343.45,295.35,n,N,5.87,VIIRS,35.84549,35.96527,N20,0.39,VIIRS_NOAA20_SP,0.59,0,2
2025-07-12,12,latakia,303.47,292.95,n,N,0.31,VIIRS,35.85529,36.00314,N20,0.39,VIIRS_NOAA20_SP,0.59,0,2
2025-07-12,12,latakia,320.35,294.41,n,N,1.58,VIIRS,35.85804,36.00535,N20,0.39,VIIRS_NOAA20_SP,0.59,0,2
2025-07-12,12,latakia,317.6,293.95,n,N,2.75,VIIRS,35.85958,36.00863,N20,0.39,VIIRS_NOAA20_SP,0.59,0,2
2025-07-12,12,latakia,310.62,292.73,n,N,1.54,VIIRS,35.86068,36.00452,N20,0.39,VIIRS_NOAA20_SP,0.59,0,2
2025-07-12,12,latakia,311.81,293.03,n,N,1.54,VIIRS,35.86172,36.0006,N20,0.39,VIIRS_NOAA20_SP,0.59,0,2
2025-07-12,12,latakia,312.18,294.41,n,N,2.24,VIIRS,35.86209,36.01189,N20,0.39,VIIRS_NOAA20_SP,0.59,0,2
2025-07-12,12,latakia,308.04,293.02,n,N,1.34,VIIRS,35.8627,35.99692,N20,0.39,VIIRS_NOAA20_SP,0.59,0,2
2025-07-12,12,latakia,310.72,293.86,n,N,3.81,VIIRS,35.86428,36.00343,N20,0.39,VIIRS_NOAA20_SP,0.59,0,2
2025-07-12,12,latakia,325.66,294.15,n,N,2.81,VIIRS,35.86525,35.99968,N20,0.39,VIIRS_NOAA20_SP,0.59,0,2
2025-07-12,12,latakia,315.45,294.84,n,N,1.54,VIIRS,35.86678,36.00325,N20,0.39,VIIRS_NOAA20_SP,0.59,0,2
2025-07-12,12,latakia,304.68,294.61,n,N,1.34,VIIRS,35.86775,35.99958,N20,0.39,VIIRS_NOAA20_SP,0.59,0,2
2025-07-12,12,latakia,308.81,294.22,n,N,1.34,VIIRS,35.86874,35.99588,N20,0.39,VIIRS_NOAA20_SP,0.59,0,2
2025-07-12,12,latakia,308.26,294.73,n,N,2.81,VIIRS,35.8702,36.00278,N20,0.39,VIIRS_NOAA20_SP,0.59,0,2
2025-07-12,12,latakia,329.9,295.92,n,N,2.81,VIIRS,35.87122,35.99887,N20,0.39,VIIRS_NOAA20_SP,0.59,0,2
2025-07-12,12,latakia,325.97,293.87,n,N,4.29,VIIRS,35.87223,35.99497,N20,0.39,VIIRS_NOAA20_SP,0.59,0,2
2025-07-12,12,latakia,310.9,294.22,n,N,2.64,VIIRS,35.87277,36.00237,N20,0.39,VIIRS_NOAA20_SP,0.59,0,2
2025-07-12,12,latakia,336.65,295.35,n,N,2.64,VIIRS,35.87381,35.99845,N20,0.39,VIIRS_NOAA20_SP,0.59,0,2
2025-07-12,12,latakia,310.03,294.94,n,N,1.84,VIIRS,35.87743,35.94149,N20,0.39,VIIRS_NOAA20_SP,0.59,0,2
2025-07-12,12,latakia,308.72,294.09,n,N,2.64,VIIRS,35.87788,36.00477,N20,0.39,VIIRS_NOAA20_SP,0.59,0,2
2025-07-12,12,latakia,346.83,294.6,n,N,2.64,VIIRS,35.87894,36.0008,N20,0.39,VIIRS_NOAA20_SP,0.59,0,2
2025-07-12,12,latakia,307.47,295.32,n,N,1.94,VIIRS,35.87976,35.94373,N20,0.39,VIIRS_NOAA20_SP,0.59,0,2
2025-07-12,12,latakia,333.56,296.29,n,N,5.23,VIIRS,35.88334,35.95201,N20,0.39,VIIRS_NOAA20_SP,0.59,0,2
2025-07-12,12,latakia,319.64,295.21,n,N,1.94,VIIRS,35.88425,35.9485,N20,0.39,VIIRS_NOAA20_SP,0.59,0,2
2025-07-12,12,latakia,320.42,294.89,n,N,2.66,VIIRS,35.8855,35.95436,N20,0.39,VIIRS_NOAA20_SP,0.59,0,2
2025-07-12,12,latakia,335.17,296.05,n,N,2.66,VIIRS,35.88641,35.95093,N20,0.39,VIIRS_NOAA20_SP,0.59,0,2
2025-07-12,12,latakia,305.68,293.76,n,N,3.62,VIIRS,35.89016,36.00185,N20,0.39,VIIRS_NOAA20_SP,0.59,0,2
2025-07-12,12,latakia,349.03,294.55,n,N,3.62,VIIRS,35.89124,35.99781,N20,0.39,VIIRS_NOAA20_SP,0.59,0,2
2025-07-12,951,latakia,350.41,308.63,n,D,20.62,VIIRS,35.85527,36.02102,N20,0.34,VIIRS_NOAA20_SP,0.56,0,2
2025-07-12,951,latakia,367.0,328.23,h,D,31.02,VIIRS,35.85609,36.02432,N20,0.34,VIIRS_NOAA20_SP,0.56,0,2
2025-07-12,951,latakia,367.0,303.03,h,D,31.02,VIIRS,35.85693,36.02767,N20,0.34,VIIRS_NOAA20_SP,0.56,0,2
2025-07-12,951,latakia,340.14,310.78,l,D,6.51,VIIRS,35.85847,36.01206,N20,0.34,VIIRS_NOAA20_SP,0.56,0,2
2025-07-12,951,latakia,347.57,306.62,n,D,20.62,VIIRS,35.85929,36.01535,N20,0.34,VIIRS_NOAA20_SP,0.56,0,2
2025-07-12,951,latakia,354.72,306.85,n,D,20.62,VIIRS,35.86007,36.01845,N20,0.34,VIIRS_NOAA20_SP,0.56,0,2
2025-07-12,951,latakia,355.74,307.75,n,D,31.02,VIIRS,35.86085,36.02161,N20,0.34,VIIRS_NOAA20_SP,0.56,0,2
2025-07-12,951,latakia,367.0,310.3,h,D,10.35,VIIRS,35.86163,36.00287,N20,0.34,VIIRS_NOAA20_SP,0.56,0,2
2025-07-12,951,latakia,351.15,307.12,n,D,31.02,VIIRS,35.86167,36.0249,N20,0.34,VIIRS_NOAA20_SP,0.56,0,2
2025-07-12,951,latakia,355.42,312.77,n,D,20.17,VIIRS,35.86333,36.00974,N20,0.34,VIIRS_NOAA20_SP,0.56,0,2
2025-07-12,951,latakia,336.12,303.7,n,D,2.14,VIIRS,35.86649,36.02246,N20,0.34,VIIRS_NOAA20_SP,0.56,0,2
2025-07-12,951,latakia,331.03,304.35,l,D,2.14,VIIRS,35.87057,36.017,N20,0.34,VIIRS_NOAA20_SP,0.56,0,2
2025-07-12,951,latakia,341.59,306.35,n,D,4.06,VIIRS,35.87294,36.00465,N20,0.34,VIIRS_NOAA20_SP,0.56,0,2
2025-07-12,951,latakia,348.31,311.48,n,D,8.99,VIIRS,35.87574,36.00413,N20,0.34,VIIRS_NOAA20_SP,0.56,0,2
2025-07-12,951,latakia,353.1,313.54,n,D,15.42,VIIRS,35.87663,36.00764,N20,0.34,VIIRS_NOAA20_SP,0.56,0,2
2025-07-12,951,latakia,367.0,308.9,h,D,15.42,VIIRS,35.87753,36.01116,N20,0.34,VIIRS_NOAA20_SP,0.56,0,2
2025-07-12,951,latakia,335.72,309.58,n,D,4.06,VIIRS,35.87784,36.00248,N20,0.34,VIIRS_NOAA20_SP,0.56,0,2
2025-07-12,951,latakia,367.0,314.14,h,D,14.8,VIIRS,35.87873,36.00609,N20,0.34,VIIRS_NOAA20_SP,0.56,0,2
2025-07-12,951,latakia,367.0,311.56,h,D,14.8,VIIRS,35.8796,36.00961,N20,0.34,VIIRS_NOAA20_SP,0.56,0,2
2025-07-12,951,latakia,367.0,318.63,h,D,27.09,VIIRS,35.88204,35.98607,N20,0.34,VIIRS_NOAA20_SP,0.56,0,2
2025-07-12,951,latakia,351.43,312.89,n,D,30.96,VIIRS,35.88353,35.98153,N20,0.34,VIIRS_NOAA20_SP,0.56,0,2
2025-07-12,951,latakia,367.0,326.82,h,D,30.96,VIIRS,35.88433,35.98478,N20,0.34,VIIRS_NOAA20_SP,0.56,0,2
2025-07-12,951,latakia,342.76,311.96,n,D,12.01,VIIRS,35.88462,35.97475,N20,0.34,VIIRS_NOAA20_SP,0.56,0,2
2025-07-12,951,latakia,367.0,313.03,h,D,40.52,VIIRS,35.88513,35.988,N20,0.34,VIIRS_NOAA20_SP,0.56,0,2
2025-07-12,951,latakia,349.14,307.26,n,D,27.09,VIIRS,35.88632,35.98145,N20,0.34,VIIRS_NOAA20_SP,0.56,0,2
2025-07-12,951,latakia,367.0,326.22,h,D,27.09,VIIRS,35.88711,35.98457,N20,0.34,VIIRS_NOAA20_SP,0.56,0,2
2025-07-12,951,latakia,367.0,305.62,h,D,37.65,VIIRS,35.88791,35.98773,N20,0.34,VIIRS_NOAA20_SP,0.56,0,2
2025-07-12,951,latakia,330.94,304.05,n,D,5.33,VIIRS,35.88887,35.97003,N20,0.34,VIIRS_NOAA20_SP,0.56,0,2
2025-07-12,951,latakia,345.15,304.91,n,D,3.48,VIIRS,35.88934,36.00507,N20,0.34,VIIRS_NOAA20_SP,0.56,0,2
2025-07-12,951,latakia,367.0,304.03,h,D,8.99,VIIRS,35.88973,35.97343,N20,0.34,VIIRS_NOAA20_SP,0.56,0,2
2025-07-12,951,latakia,335.76,304.56,n,D,3.25,VIIRS,35.89215,36.00446,N20,0.34,VIIRS_NOAA20_SP,0.56,0,2
2025-07-12,1132,latakia,338.3,304.27,n,D,6.45,VIIRS,35.33737,36.07624,N20,0.58,VIIRS_NOAA20_SP,0.69,0,2
2025-07-12,1132,latakia,330.25,303.39,n,D,4.5,VIIRS,35.33792,36.07423,N20,0.58,VIIRS_NOAA20_SP,0.69,0,2
2025-07-12,1132,latakia,331.35,303.9,n,D,4.21,VIIRS,35.33812,36.08017,N20,0.58,VIIRS_NOAA20_SP,0.69,0,2
2025-07-12,1132,latakia,356.11,305.68,n,D,10.31,VIIRS,35.85521,36.00287,N20,0.58,VIIRS_NOAA20_SP,0.69,0,2
2025-07-12,1132,latakia,351.36,307.96,n,D,10.31,VIIRS,35.85541,36.00829,N20,0.58,VIIRS_NOAA20_SP,0.69,0,2
2025-07-12,1132,latakia,355.87,305.6,n,D,11.18,VIIRS,35.85611,36.00243,N20,0.58,VIIRS_NOAA20_SP,0.69,0,2
2025-07-12,1132,latakia,355.49,307.68,n,D,15.48,VIIRS,35.85629,36.00799,N20,0.58,VIIRS_NOAA20_SP,0.69,0,2
2025-07-12,1132,latakia,335.75,306.14,n,D,10.31,VIIRS,35.86161,36.00172,N20,0.58,VIIRS_NOAA20_SP,0.69,0,2
2025-07-12,1132,latakia,355.75,305.76,n,D,10.31,VIIRS,35.86187,36.00834,N20,0.58,VIIRS_NOAA20_SP,0.69,0,2
2025-07-12,1132,latakia,367.0,304.72,h,D,23.69,VIIRS,35.86216,36.01617,N20,0.58,VIIRS_NOAA20_SP,0.69,0,2
2025-07-12,1132,latakia,337.31,306.52,n,D,11.18,VIIRS,35.86253,36.00132,N20,0.58,VIIRS_NOAA20_SP,0.69,0,2
2025-07-12,1132,latakia,367.0,305.83,h,D,15.48,VIIRS,35.86275,36.0081,N20,0.58,VIIRS_NOAA20_SP,0.69,0,2
2025-07-12,1132,latakia,367.0,304.57,h,D,15.48,VIIRS,35.863,36.016,N20,0.58,VIIRS_NOAA20_SP,0.7,0,2
2025-07-12,1132,latakia,333.21,302.67,n,D,7.56,VIIRS,35.86326,36.02393,N20,0.58,VIIRS_NOAA20_SP,0.7,0,2
2025-07-12,1132,latakia,346.65,305.95,n,D,30.78,VIIRS,35.86905,36.00299,N20,0.58,VIIRS_NOAA20_SP,0.69,0,2
2025-07-12,1132,latakia,367.0,306.05,h,D,18.87,VIIRS,35.86927,36.00995,N20,0.58,VIIRS_NOAA20_SP,0.69,0,2
2025-07-12,1132,latakia,340.45,302.36,n,D,18.87,VIIRS,35.86952,36.01756,N20,0.58,VIIRS_NOAA20_SP,0.7,0,2
2025-07-12,1132,latakia,337.71,303.13,n,D,7.01,VIIRS,35.87339,35.93924,N20,0.57,VIIRS_NOAA20_SP,0.69,0,2
2025-07-12,1132,latakia,342.0,310.77,n,D,9.47,VIIRS,35.87449,35.97218,N20,0.57,VIIRS_NOAA20_SP,0.69,0,2
2025-07-12,1132,latakia,353.31,311.99,n,D,18.87,VIIRS,35.87575,36.01049,N20,0.58,VIIRS_NOAA20_SP,0.69,0,2
2025-07-12,1132,latakia,367.0,305.73,h,D,18.87,VIIRS,35.87596,36.0169,N20,0.58,VIIRS_NOAA20_SP,0.7,0,2
2025-07-12,1132,latakia,333.66,308.52,l,D,7.19,VIIRS,35.88084,35.96966,N20,0.57,VIIRS_NOAA20_SP,0.69,0,2
2025-07-12,1132,latakia,353.09,311.72,n,D,12.0,VIIRS,35.88129,35.98302,N20,0.57,VIIRS_NOAA20_SP,0.69,0,2
2025-07-12,1132,latakia,335.03,305.7,n,D,4.65,VIIRS,35.88673,35.95293,N20,0.57,VIIRS_NOAA20_SP,0.69,0,2
2025-07-12,1132,latakia,367.0,305.02,h,D,12.0,VIIRS,35.88801,35.99077,N20,0.58,VIIRS_NOAA20_SP,0.69,0,2
2025-07-12,2353,latakia,306.93,293.68,n,N,0.95,VIIRS,35.85835,36.02551,N20,0.43,VIIRS_NOAA20_SP,0.46,0,2
2025-07-12,2353,latakia,322.36,294.57,n,N,2.12,VIIRS,35.87354,36.01634,N20,0.43,VIIRS_NOAA20_SP,0.46,0,2
2025-07-12,2353,latakia,307.88,292.38,n,N,2.12,VIIRS,35.87457,36.01162,N20,0.43,VIIRS_NOAA20_SP,0.46,0,2
2025-07-12,2353,latakia,321.17,294.56,n,N,2.5,VIIRS,35.88429,35.9471,N20,0.43,VIIRS_NOAA20_SP,0.46,0,2
2025-07-12,2353,latakia,316.88,293.86,n,N,1.94,VIIRS,35.8876,35.952,N20,0.43,VIIRS_NOAA20_SP,0.46,0,2
2025-07-13,933,latakia,354.02,300.85,n,D,13.35,VIIRS,35.8727,35.94768,N20,0.62,VIIRS_NOAA20_SP,0.71,0,2
2025-07-13,933,latakia,355.55,300.53,n,D,11.57,VIIRS,35.87317,35.94845,N20,0.62,VIIRS_NOAA20_SP,0.71,0,2
2025-07-13,933,latakia,336.82,300.12,n,D,11.51,VIIRS,35.87508,36.02562,N20,0.61,VIIRS_NOAA20_SP,0.71,0,2
2025-07-13,933,latakia,339.65,299.45,n,D,6.56,VIIRS,35.88148,36.02356,N20,0.61,VIIRS_NOAA20_SP,0.71,0,2
2025-07-13,933,latakia,350.92,300.49,n,D,9.53,VIIRS,35.88153,36.02448,N20,0.62,VIIRS_NOAA20_SP,0.71,0,2
2025-07-13,1113,latakia,355.63,317.84,n,D,8.29,VIIRS,35.66748,36.27412,N20,0.32,VIIRS_NOAA20_SP,0.54,0,2
2025-07-13,1113,latakia,350.54,319.09,n,D,14.11,VIIRS,35.66807,36.27401,N20,0.32,VIIRS_NOAA20_SP,0.54,0,2
2025-07-13,1113,latakia,356.01,314.19,n,D,11.49,VIIRS,35.66835,36.27779,N20,0.32,VIIRS_NOAA20_SP,0.54,0,2
2025-07-13,1113,latakia,367.0,313.41,h,D,8.29,VIIRS,35.6725,36.27333,N20,0.32,VIIRS_NOAA20_SP,0.54,0,2
2025-07-13,1113,latakia,338.12,304.95,n,D,6.28,VIIRS,35.86069,36.00404,N20,0.62,VIIRS_NOAA20_SP,0.54,0,2
2025-07-13,1113,latakia,338.25,305.07,n,D,10.67,VIIRS,35.8648,36.00404,N20,0.62,VIIRS_NOAA20_SP,0.54,0,2
2025-07-13,1113,latakia,352.72,303.62,n,D,19.14,VIIRS,35.86597,36.01944,N20,0.62,VIIRS_NOAA20_SP,0.54,0,2
2025-07-13,1113,latakia,355.12,303.33,n,D,20.35,VIIRS,35.86675,36.01936,N20,0.62,VIIRS_NOAA20_SP,0.54,0,2
2025-07-13,1113,latakia,351.16,306.12,n,D,19.14,VIIRS,35.87099,36.01944,N20,0.62,VIIRS_NOAA20_SP,0.54,0,2
2025-07-13,1113,latakia,330.18,303.33,l,D,6.14,VIIRS,35.87163,35.94596,N20,0.61,VIIRS_NOAA20_SP,0.54,0,2
2025-07-13,1113,latakia,353.71,307.54,n,D,27.09,VIIRS,35.87175,36.01926,N20,0.62,VIIRS_NOAA20_SP,0.54,0,2
2025-07-13,1113,latakia,334.34,305.61,l,D,11.71,VIIRS,35.87717,36.02523,N20,0.62,VIIRS_NOAA20_SP,0.54,0,2
2025-07-13,1113,latakia,342.74,305.0,n,D,14.04,VIIRS,35.88142,36.02488,N20,0.62,VIIRS_NOAA20_SP,0.54,0,2
2025-07-13,1113,latakia,348.17,304.23,n,D,11.75,VIIRS,35.88151,35.94456,N20,0.61,VIIRS_NOAA20_SP,0.54,0,2
2025-07-13,1113,latakia,337.7,303.85,n,D,5.86,VIIRS,35.88215,36.02478,N20,0.62,VIIRS_NOAA20_SP,0.54,0,2
2025-07-13,1113,latakia,352.66,310.24,n,D,22.75,VIIRS,35.88638,35.94278,N20,0.61,VIIRS_NOAA20_SP,0.54,0,2
2025-07-13,1113,latakia,330.86,300.55,n,D,22.75,VIIRS,35.89113,35.93948,N20,0.61,VIIRS_NOAA20_SP,0.54,0,2
2025-07-13,2334,latakia,318.57,294.75,n,N,1.78,VIIRS,35.57251,35.94702,N20,0.41,VIIRS_NOAA20_SP,0.37,0,2
2025-07-13,2334,latakia,333.03,294.15,n,N,4.0,VIIRS,35.86304,36.02508,N20,0.41,VIIRS_NOAA20_SP,0.37,0,2
2025-07-13,2334,latakia,312.34,293.25,n,N,0.93,VIIRS,35.87648,36.02878,N20,0.41,VIIRS_NOAA20_SP,0.37,0,2
2025-07-13,2334,latakia,308.19,292.98,n,N,0.93,VIIRS,35.87985,36.02963,N20,0.41,VIIRS_NOAA20_SP,0.37,0,2
2025-07-15,1035,latakia,367.0,370.12,l,D,163.09,VIIRS,35.36845,36.25228,N20,0.38,VIIRS_NOAA20_SP,0.36,0,2
2025-07-15,1035,latakia,367.0,375.5,l,D,232.09,VIIRS,35.36909,36.25652,N20,0.38,VIIRS_NOAA20_SP,0.36,0,2
2025-07-15,1035,latakia,367.0,358.48,l,D,232.09,VIIRS,35.36972,36.26075,N20,0.38,VIIRS_NOAA20_SP,0.36,0,2
2025-07-15,1035,latakia,367.0,333.33,h,D,163.09,VIIRS,35.37174,36.25156,N20,0.38,VIIRS_NOAA20_SP,0.36,0,2
2025-07-15,1035,latakia,367.0,359.6,h,D,232.09,VIIRS,35.37238,36.2558,N20,0.38,VIIRS_NOAA20_SP,0.36,0,2
2025-07-15,1035,latakia,367.0,342.7,h,D,232.09,VIIRS,35.37301,36.26003,N20,0.38,VIIRS_NOAA20_SP,0.36,0,2
2025-07-23,2347,latakia,333.85,301.83,n,N,8.67,VIIRS,35.39451,36.24419,N20,0.57,VIIRS_NOAA20_SP,0.43,0,2
2025-07-23,2347,latakia,336.25,302.22,n,N,10.39,VIIRS,35.39826,36.24597,N20,0.57,VIIRS_NOAA20_SP,0.43,0,2
2025-07-24,1107,latakia,334.31,308.36,n,D,21.29,VIIRS,35.3215,36.23224,N20,0.51,VIIRS_NOAA20_SP,0.49,0,2
2025-07-24,1107,latakia,341.32,308.13,n,D,21.29,VIIRS,35.32204,36.23854,N20,0.51,VIIRS_NOAA20_SP,0.5,0,2
2025-07-24,2328,latakia,307.98,293.5,n,N,1.2,VIIRS,35.3245,36.2356,N20,0.39,VIIRS_NOAA20_SP,0.36,0,2
